,0,1,2,3,4,5,6,7,8,9
help,0.29093169076305214,-0.05335386781076106,0.12490025848782894,0.039998831955351075,0.03515622321961697,0.019893938031144084,0.035753985298700025,-0.01871087599078069,0.047458016588438644,0.026548787616128954
office,-0.0014904808161341038,-0.022915905542957467,-0.02512233030102008,0.027822129263146807,-0.09538677844277035,0.013399436050265758,-0.1251278825944421,-0.13222855426724228,-0.0186059550260229,0.04380155172224071
dance,-0.03207789328354854,0.002417539042702473,-0.006449324978496607,0.1215144287362983,0.10266564220732008,0.1719560703155855,-0.00422811625097831,0.05739623319524737,0.10881554408426512,-0.03876194405064657
money,-0.02642692836303439,0.033986020742330446,-0.03870213708547927,0.1356631870668251,-0.054171531375603,-0.2224933877368897,0.21702320056216354,-0.0305601266694193,0.23543920281026892,0.0844486969108331
wedding,0.006055086230764815,0.03704350380190288,-0.07248481777611711,-0.0711430714738607,0.09213192830681587,0.06007413780025951,0.026082860663890664,-0.03182701167932841,0.016973188697334014,-0.15139781989954507
domestic_work,6.6338696434057375e-18,3.0336100476284395e-17,-3.699938418142058e-17,-1.0759003821760694e-17,1.609315912722269e-18,3.420678802125783e-17,1.7513240660428525e-17,2.061025257555809e-17,-7.289417767434214e-18,-3.2238149940201596e-17
sleep,2.089956301943582e-17,5.989354892768916e-17,-8.113068968844377e-17,4.351189058464959e-19,7.52243764680601e-18,-1.9769635863811544e-17,-4.2975124866619026e-18,1.6972886752615743e-17,-2.7672112567338474e-17,-5.971694033459486e-18
medical_emergency,-9.29987151720552e-18,-8.858738673442033e-17,-1.6344836785059222e-17,-2.017160722857757e-17,-3.71365213215753e-17,5.459446431242804e-17,3.572361324843359e-17,7.816114659641309e-17,-2.692690463674839e-17,-9.339730057352185e-18
cold,-0.015405735021478125,0.016905744544922097,-0.0020231762672476973,-0.0010491272720718947,-0.02974374267038105,-0.022038094769565884,-0.052038331092694595,0.05363170496409384,-0.011639687745236053,-0.11444940855248627
hate,-0.044678118503693375,0.1869955687315745,0.20198821985797671,-0.059826641359010266,0.035929041948264635,-0.03153284004330827,-0.006090810671393675,-0.09758094555096074,0.07933680498689846,0.08745814404165643
cheerfulness,0.01671798880232941,0.03695916812717866,-0.06543570642469794,-0.10034398349433463,0.07349125415718809,0.020692938419771063,0.02098837201855223,-0.02199710436637679,0.0167005436121313,-0.14221048121442215
aggression,-2.411214835924428e-18,-1.4792751975599518e-17,4.00779205732539e-18,7.008009457586853e-19,-1.9881748573698868e-17,1.527299064347037e-17,9.88975317319772e-18,1.0270398051898698e-17,1.433186675934698e-17,1.1200747600618913e-17
occupation,1.744470439010075e-17,-2.986012229492696e-17,-6.699568821435865e-17,1.8141987211406784e-17,2.1244891566528027e-17,-3.8759042255425805e-17,-2.3509228752439746e-17,-3.3979392202931615e-17,-3.831833922189225e-17,-1.7830861004943987e-17
envy,-6.976892847756221e-18,2.9943550706840403e-18,4.6276649876485314e-17,-3.9714936130189526e-17,-1.1112292318835702e-17,5.396873484024509e-20,6.792251732541728e-17,-1.3056148690652986e-17,3.981875133133841e-18,3.457633281891342e-17
anticipation,-2.1445728590048577e-19,-2.5719496326311804e-18,2.965840944990741e-17,8.042876738441429e-18,1.866495748353394e-17,-4.445222298017161e-17,-5.62749368215478e-18,-3.660131800076529e-17,2.1730113835062266e-17,5.5287666512111086e-17
family,-0.008557301602457114,-0.01205637788805817,-0.0878031923814004,-0.1004344329560839,-0.024274015716288996,0.06284083447712763,-0.04183132222653331,-0.03614336486788876,0.06491149395010505,0.06645955983381309
vacation,-0.05431197285165894,-0.04503969063162315,0.01892162199531331,0.11128164088345142,0.1150134017000623,0.1408981944029432,0.024238875204487986,0.048592627510100586,0.03192626979911631,0.03487990854566739
crime,-1.2569127330766918e-18,-4.8300905120394917e-17,-5.3055257971782224e-17,3.048801192660937e-17,1.9900268640010654e-17,-2.1838084683583026e-17,-4.7464042181637135e-18,4.5970490453814986e-17,6.0437575902628246e-18,-6.863237547376137e-17
attractive,-0.01634057460319995,0.04234222694401372,-0.11939145409073232,-0.05519932111159683,0.004437732534034818,0.0018312797290766106,-0.015632303377612393,0.13929778620228148,0.02244893440519566,0.21375074952959286
masculine,0.009674293277950722,0.04207002727561299,-0.12950626395259207,-0.03755879865123807,-0.02905236620666609,0.01697890548876303,0.15466556641267848,-0.008299494423705525,0.02489107987010387,0.18271414022069493
prison,-4.631533929900407e-18,1.9406782213044106e-17,1.2149504800107568e-17,-3.067984281447438e-17,9.399890891833084e-19,4.020660079716027e-17,2.298983420073536e-17,2.792244612260264e-17,2.446353573281431e-17,-4.32426484279086e-17
health,-4.4014058540029335e-18,-3.2926657103700345e-17,-1.068003230120796e-17,-3.5413123072958463e-19,2.9363444973975035e-17,4.047417447743985e-18,2.372709264377128e-20,3.889832243138424e-18,2.812144748849492e-17,5.061562908538075e-18
pride,1.428203452075262e-17,-5.0298869526966714e-18,-9.149693425199481e-18,-1.5650714431658705e-17,-2.6522039326564785e-17,-4.6867113638637794e-17,-3.4012125097298895e-18,-8.947717386823071e-18,-1.570285949600584e-17,5.092918341011661e-18
dispute,-0.04431328755022541,-0.1105097600742524,0.08678166421653175,-0.03979505034539166,0.11566692800198315,-0.04864277367756191,0.043484009972841346,-0.05419657188444581,0.02945052513745642,0.15267388149399935
nervousness,-0.02345746986963001,0.13725211737537749,0.1456465020616666,-0.04947773635327317,-0.1199534649361502,0.07647156779433836,-0.0041650708283565,0.09308966468866516,-0.0026775095738847,0.0024420241839195455
government,0.012194648867987306,-0.014341719880176912,-0.010208966778927178,0.06706530887497415,-0.07514646722147841,-0.028837954307779627,0.013238940255897818,-0.07526872360380282,0.17583776911953064,-0.011982046913428737
weakness,-3.939456055542086e-18,2.5887042322374038e-17,1.0782183429689338e-17,1.712017025370711e-17,-4.948446964069819e-18,2.7973040274772237e-17,4.2124003444081277e-17,7.451125316201071e-18,-1.7355852286397776e-18,5.1810300604172624e-18
horror,-6.253111684416657e-18,-1.7257324633094714e-18,2.0397825030890794e-17,-1.3205162370638486e-17,-4.191668432861393e-18,2.015778330997794e-17,1.2043319955737458e-17,-3.59371028671201e-18,1.838256818311691e-17,1.8039368105655903e-17
swearing_terms,-0.03196997626619651,0.08885604549844768,0.0877711645416965,-0.004269919301691227,0.13953904166253275,-0.14816917161926038,-0.0636732265697064,-0.12643138177277086,0.06785183163847779,0.04556880965047585
leisure,-0.029688801517536483,-0.04689540720032692,0.023872160128576653,0.01800648182316473,0.036206677210613165,0.008903747514045556,0.027484401023411497,0.004534956035002902,-0.051601153966482724,0.06463379484880058
suffering,-0.05811621787050585,0.15794153452018314,0.21735504337157477,-0.024502557598290675,0.06978441689024195,0.04425499682621149,-0.006132218206150682,-0.10098552620759083,0.15416830747228033,0.06235074793184441
royalty,5.346502889225319e-18,-6.778159874015028e-17,-6.040003638938066e-17,7.168056112572111e-17,8.397485840008216e-17,-3.6418016713930376e-17,-2.2193270073157188e-17,6.019133644134136e-18,2.3258959038802455e-18,-2.02455164126232e-17
wealthy,0.0036341702741987283,0.013339696969335046,-0.04053945323917545,0.0323808341579381,-0.04089393637931289,-0.0858810983790664,0.18492889158778766,0.02340886534419697,0.102371226984765,0.01611496187672384
tourism,-1.1701076404167597e-18,-2.4264548134241123e-17,-2.5099892456266064e-17,2.849544511365911e-17,2.8570724862031796e-17,-9.53675049978666e-18,-8.021952622528634e-18,2.8284752709969083e-18,-1.615713256193052e-18,-1.4990897405459858e-17
furniture,-2.178822609823447e-18,3.539605166718877e-18,6.03301668223954e-18,7.029650799565141e-18,2.5875938072167197e-18,1.7177986186045008e-17,4.136749413704816e-18,3.1852202650837554e-18,9.857282865774553e-18,2.9840209151604885e-18
school,-0.03207789328354854,0.0024175390427024304,-0.0064493249784966615,0.12151442873629839,0.10266564220732019,0.17195607031558546,-0.0042281162509783575,0.05739623319524731,0.10881554408426519,-0.038761944050646625
magic,1.5867472978589366e-18,-5.434052676933874e-18,-1.685716344597899e-17,-3.2375496510832546e-18,4.1872571092379155e-18,-2.6307562410788368e-18,-1.0090221572362849e-17,-7.790054723765588e-18,7.500851535531104e-18,-2.532928159079994e-18
beach,-9.463585058915167e-18,6.089990722098167e-17,7.102629367807273e-17,-3.320107882977219e-17,-5.477233303998524e-17,6.422142355515921e-17,3.3406393730800844e-17,1.038416015540439e-17,8.336842909583112e-18,2.714477490543122e-17
journalism,-2.1106904001285857e-18,1.5124096887575893e-17,1.7447679150612494e-17,-8.221034469325412e-18,-1.3514140345645744e-17,1.5481353558062423e-17,7.809879342892566e-18,2.7202816672856917e-18,2.578707485712475e-18,6.602940060692397e-18
morning,5.593543407115939e-18,-3.6445822490756596e-17,-4.030147852437934e-17,1.884311182037668e-17,3.263963068556475e-17,-3.586803060209431e-17,-1.753463540896887e-17,-7.768098959136988e-18,-4.237894892550228e-18,-1.268848395760882e-17
banking,0.0020712427079838305,0.0070225645209010205,-0.04466216037031469,0.062184119286521025,-0.07234467605471546,-0.10301158964798704,0.2065273040101935,-0.0012377924026054903,0.1558876805677031,-0.007504326880650976
social_media,-0.003377254412800266,0.025076378385338164,-0.06200456419169042,-0.046148408422202795,-0.02102494124842316,0.011931039291551072,-0.06615464644226308,-0.005555781394662944,0.04563823878478664,-0.04125514211695646
exercise,-0.03207789328354853,0.0024175390427024594,-0.006449324978496629,0.12151442873629827,0.10266564220732008,0.17195607031558538,-0.0042281162509783445,0.05739623319524728,0.10881554408426514,-0.038761944050646584
night,-0.0,-0.0,-0.0,0.0,-0.0,0.0,-0.0,0.0,0.0,0.0
kill,-0.0,-0.0,-0.0,0.0,-0.0,0.0,-0.0,0.0,0.0,0.0
blue_collar_job,-0.0,-0.0,-0.0,0.0,-0.0,0.0,-0.0,0.0,0.0,0.0
art,-0.0,-0.0,-0.0,0.0,-0.0,0.0,-0.0,0.0,0.0,0.0
ridicule,-0.04776903895436063,-0.005379158424638938,-0.02772792426350125,0.050208015456388894,-0.013427971105238475,0.009629048370703958,0.09654578106223202,-0.07615307284286135,-0.1440431225487874,-0.08991767478392508
play,0.0036341702741987288,0.013339696969335034,-0.04053945323917547,0.03238083415793809,-0.04089393637931288,-0.08588109837906642,0.18492889158778766,0.023408865344196967,0.10237122698476497,0.016114961876723847
computer,-0.0,-0.0,-0.0,0.0,-0.0,0.0,-0.0,0.0,0.0,0.0
college,-0.03207789328354853,0.0024175390427024594,-0.006449324978496629,0.12151442873629827,0.10266564220732008,0.17195607031558538,-0.0042281162509783445,0.05739623319524728,0.10881554408426514,-0.038761944050646584
optimism,-0.008830836255165668,0.12537067018071732,-0.10206549784711111,-0.18347227156239168,0.022507671693418708,0.1267674534800168,0.042692252577546205,0.0011146769626714703,0.0009473032337724382,0.03186215033501555
stealing,-0.0,-0.0,-0.0,0.0,-0.0,0.0,-0.0,0.0,0.0,0.0
real_estate,-0.0,-0.0,-0.0,0.0,-0.0,0.0,-0.0,0.0,0.0,0.0
home,-0.0,-0.0,-0.0,0.0,-0.0,0.0,-0.0,0.0,0.0,0.0
divine,-0.0,-0.0,-0.0,0.0,-0.0,0.0,-0.0,0.0,0.0,0.0
sexual,-0.025903877772900166,0.03688503415754568,-0.09780047463659795,-0.0004065495243348945,0.08126543233019529,0.15108865397658472,-0.002795928417133179,0.088787939015578,0.0966563866379777,0.14778513945512248
fear,-0.01499171137706845,0.10448638197568937,0.12048642258207981,-0.05586171621385571,-0.09364292790124101,0.1060528220691469,0.053034329468693686,0.01981962558605213,0.016331531491063644,0.045144248519936696
irritability,-0.0,-0.0,-0.0,0.0,-0.0,0.0,-0.0,0.0,0.0,0.0
superhero,-0.0,-0.0,-0.0,0.0,-0.0,0.0,-0.0,0.0,0.0,0.0
business,-0.01673288402105961,-0.11540146692198444,0.01615566846520494,0.04215389745984426,-0.14646067293944992,0.01208116095204247,0.007677720409606379,-0.21639251126692702,0.11435635184665074,-0.10703490636761129
driving,-0.017783085811797064,-0.0019731532192518034,-0.0036734944368505182,0.03230149474935764,0.030068064186329402,-0.029569126937691814,-0.0051710658887929644,-0.009108318289744071,-0.05793034693751439,0.05336867927995656
pet,-0.0,-0.0,-0.0,0.0,-0.0,0.0,-0.0,0.0,0.0,0.0
childish,0.014114692447436364,0.04213972676915415,-0.07532280461818196,-0.10275338648432657,0.08097035770501243,0.01012747693695148,0.017616021220075585,-0.010263458838263552,0.017464877474581683,-0.17915554265326222
cooking,-0.014640747933729624,0.010787771416581422,-0.009931179313453555,-0.03632049147759929,0.02562631670660404,0.00023452693198932714,0.03520734731986277,0.008575735581267063,-0.05099885770571202,-0.020862872260615718
exasperation,-0.008950879810783319,0.01294676147647703,0.029763939405065346,0.03109110104843776,0.048646280347024895,-0.043724888016774974,0.028680744686716428,-0.07345079169322416,0.012642267545300116,0.08300674400423193
religion,-0.0,-0.0,-0.0,0.0,-0.0,0.0,-0.0,0.0,0.0,0.0
hipster,-0.0,-0.0,-0.0,0.0,-0.0,0.0,-0.0,0.0,0.0,0.0
internet,-0.014164749231063258,-0.002374535232337587,-0.03861815798530518,0.011187822226861053,-0.0323894168875448,0.019960303588663242,-0.04582338245567667,-0.06458757517897402,-0.03612354322815329,0.06974289697770829
surprise,-0.0,-0.0,-0.0,0.0,-0.0,0.0,-0.0,0.0,0.0,0.0
reading,-0.03207789328354853,0.0024175390427024594,-0.006449324978496629,0.12151442873629827,0.10266564220732008,0.17195607031558538,-0.0042281162509783445,0.05739623319524728,0.10881554408426514,-0.038761944050646584
worship,-0.0,-0.0,-0.0,0.0,-0.0,0.0,-0.0,0.0,0.0,0.0
leader,-0.0,-0.0,-0.0,0.0,-0.0,0.0,-0.0,0.0,0.0,0.0
independence,0.012194648867987306,-0.014341719880176868,-0.010208966778927185,0.0670653088749742,-0.07514646722147844,-0.028837954307779592,0.013238940255897854,-0.07526872360380282,0.1758377691195307,-0.011982046913428752
movement,-0.0,-0.0,-0.0,0.0,-0.0,0.0,-0.0,0.0,0.0,0.0
body,-0.05694910302644936,0.027667727845110096,0.02107665857080233,0.03727541994675987,-0.07911576115149327,-0.11730919357487744,-0.17306640135827142,0.3147043114296278,-0.01815069323485045,-0.07093238112074961
noise,-0.0,-0.0,-0.0,0.0,-0.0,0.0,-0.0,0.0,0.0,0.0
eating,-0.014640747933729624,0.010787771416581422,-0.009931179313453555,-0.03632049147759929,0.02562631670660404,0.00023452693198932714,0.03520734731986277,0.008575735581267063,-0.05099885770571202,-0.020862872260615718
medieval,-0.0,-0.0,-0.0,0.0,-0.0,0.0,-0.0,0.0,0.0,0.0
zest,-0.024570682531538896,0.10376975733189474,0.10874992435723313,-0.0419581333232356,-0.09395744843301934,0.12184539272103603,0.06477163116668394,-0.020858528401163295,-0.022971124411072182,0.04096408576134286
confusion,-0.0,-0.0,-0.0,0.0,-0.0,0.0,-0.0,0.0,0.0,0.0
water,-0.0,-0.0,-0.0,0.0,-0.0,0.0,-0.0,0.0,0.0,0.0
sports,-0.03207789328354853,0.0024175390427024594,-0.006449324978496629,0.12151442873629827,0.10266564220732008,0.17195607031558538,-0.0042281162509783445,0.05739623319524728,0.10881554408426514,-0.038761944050646584
death,-0.014345214881999125,-0.08276269916253652,-0.013608889479074472,-0.01779028933937548,-0.11319466638028212,0.03959269761349497,-0.11645037092793019,-0.130634897318787,-0.00812496231125025,0.07336785661865029
healing,-0.03519148187152429,0.040308180839155126,0.03349037461983995,0.03394499015702463,-0.011954309937946264,-0.06036174171740558,-0.06721961899477578,0.06667970598700979,-0.05207882719573458,-0.03737343963662594
legend,-0.02910533473236287,-0.002177436365425267,-0.035660897596557294,0.04224550084606907,-0.0009556585159290158,0.047985117367558755,0.035663338918742495,-0.12359900337939377,-0.11941960545195748,-0.012701263461666343
heroic,0.020929432415544253,-0.009309676633408549,0.008082394041128402,-0.020917306840361687,0.03996815852190471,-0.03209386141596613,0.002344398505168618,-0.03205312267770307,0.010129960304501931,-0.027290624595374145
celebration,0.010844571745736713,0.03740181611914229,-0.06661656873998088,-0.07809486282879759,0.09228918857066065,0.052177852576966714,0.02021420989118805,-0.011487934950128755,0.03662451639293464,-0.14930773854741916
restaurant,-0.014640747933729624,0.010787771416581422,-0.009931179313453555,-0.03632049147759929,0.02562631670660404,0.00023452693198932714,0.03520734731986277,0.008575735581267063,-0.05099885770571202,-0.020862872260615718
violence,-0.05037759806513494,0.1399142045528335,0.12366178789457614,-0.0008412637974684182,0.13052693361135398,-0.20769091715692226,-0.14622851419843508,-0.0709742080099309,0.06757938367644262,0.006085845105208825
programming,-0.014164749231063258,-0.002374535232337587,-0.03861815798530518,0.011187822226861053,-0.0323894168875448,0.019960303588663242,-0.04582338245567667,-0.06458757517897402,-0.03612354322815329,0.06974289697770829
dominant_heirarchical,-0.0,-0.0,-0.0,0.0,-0.0,0.0,-0.0,0.0,0.0,0.0
military,-0.0,-0.0,-0.0,0.0,-0.0,0.0,-0.0,0.0,0.0,0.0
neglect,-0.0,-0.0,-0.0,0.0,-0.0,0.0,-0.0,0.0,0.0,0.0
swimming,-0.0,-0.0,-0.0,0.0,-0.0,0.0,-0.0,0.0,0.0,0.0
exotic,-0.0,-0.0,-0.0,0.0,-0.0,0.0,-0.0,0.0,0.0,0.0
love,-0.010488908968366795,0.05067406456525716,-0.08706421071407817,-0.0736989495337515,0.0006201665473100605,0.03675868288277473,-0.016544706202268406,0.07572826159017113,0.009636394273135854,0.14800641670279288
hiking,-0.0,-0.0,-0.0,0.0,-0.0,0.0,-0.0,0.0,0.0,0.0
communication,-0.0840400819250862,-0.275395628357262,0.0885310315549634,-0.139981074522723,-0.003588595770223346,0.04098970321447615,0.005331863516116678,0.027757364197143433,0.007813975288167624,0.06803220883639233
hearing,-0.06116163672229378,-0.26857848252754274,0.10313817379183401,-0.1814166333958233,-0.008806817183540665,0.03825035584326702,-0.007468287263996977,0.08241205471161293,0.11237188814978702,0.019021926131187476
order,-0.06030327738187954,-0.23683346465995683,0.09496181435482963,-0.16341944725105856,0.030108472763438626,0.025433595807634355,0.05900972284419254,0.04576796043440683,0.022937979032585126,0.09180168588170998
sympathy,-0.01499171137706845,0.10448638197568937,0.12048642258207981,-0.05586171621385571,-0.09364292790124101,0.1060528220691469,0.053034329468693686,0.01981962558605213,0.016331531491063644,0.045144248519936696
hygiene,-0.02910533473236287,-0.002177436365425267,-0.035660897596557294,0.04224550084606907,-0.0009556585159290158,0.047985117367558755,0.035663338918742495,-0.12359900337939377,-0.11941960545195748,-0.012701263461666343
weather,-0.009544825413076777,-0.005778225662721035,-0.019441692481668178,-0.00546880554869699,-0.011528755856666717,-0.0015587652965927225,-0.012438747063651525,0.002906294292177676,0.0015204173442184233,-0.08488633075727432
anonymity,-0.0,-0.0,-0.0,0.0,-0.0,0.0,-0.0,0.0,0.0,0.0
trust,-0.015671416698115954,0.026606674590663907,-0.05323846773056277,0.021700057138712803,0.019241535958646052,0.058229152664997966,-0.010454997218788793,-0.08229615333492116,-0.04621164245692741,0.041021261548615115
ancient,-0.0,-0.0,-0.0,0.0,-0.0,0.0,-0.0,0.0,0.0,0.0
deception,-0.0,-0.0,-0.0,0.0,-0.0,0.0,-0.0,0.0,0.0,0.0
fabric,-0.01938196108907919,0.012580984609855735,-0.04622144395554515,0.04000214936236167,-0.021164267126210404,-0.0724880375584496,-0.02792910071230464,0.15639793603443555,-0.009431736152726421,0.07451672548142338
air_travel,-0.0,-0.0,-0.0,0.0,-0.0,0.0,-0.0,0.0,0.0,0.0
fight,-0.008950879810783319,0.01294676147647703,0.029763939405065346,0.03109110104843776,0.048646280347024895,-0.043724888016774974,0.028680744686716428,-0.07345079169322416,0.012642267545300116,0.08300674400423193
dominant_personality,0.007229076698708629,0.013863426273667167,-0.022259548944334948,-0.015047065525555335,0.023724343780976227,-0.011055764061085889,-0.043330384621177435,0.018863215272664904,0.029656897549105152,-0.044360246462556964
music,-0.046270028601398394,-0.0965708138609169,0.03396286222531542,-0.0033533869353282704,0.05122926461668983,0.08129745669417945,-0.05292775093556112,0.13745012204676382,0.11337805950502218,-0.05289723068037267
vehicle,-0.0,-0.0,-0.0,0.0,-0.0,0.0,-0.0,0.0,0.0,0.0
politeness,-0.009762552959264119,0.08568539216700646,-0.10608377787132894,-0.12884241872957952,0.09249469320155713,0.01574681805805363,0.014413388300947853,-0.08348213324382946,-0.01601528899316371,-0.12153280368735338
toy,-0.0,-0.0,-0.0,0.0,-0.0,0.0,-0.0,0.0,0.0,0.0
farming,-0.0,-0.0,-0.0,0.0,-0.0,0.0,-0.0,0.0,0.0,0.0
meeting,-0.013897867958374851,-0.0650796737777445,-0.004717019144360462,0.004229570810041357,-0.07104537739641915,0.010566027012237012,-0.11928366862424174,-0.12751568474245267,-0.012489789099851224,0.06995017709961794
war,-0.0,-0.0,-0.0,0.0,-0.0,0.0,-0.0,0.0,0.0,0.0
speaking,-0.06611832478329867,-0.2040741056160465,0.0749278449050478,-0.11754298554110046,0.04200314674157143,-0.01099510075116757,0.039802669488163744,0.009713672916930247,-0.002866087573961113,0.05715323929520127
listen,-0.06116163672229378,-0.26857848252754274,0.10313817379183401,-0.1814166333958233,-0.008806817183540665,0.03825035584326702,-0.007468287263996977,0.08241205471161293,0.11237188814978702,0.019021926131187476
urban,-0.0,-0.0,-0.0,0.0,-0.0,0.0,-0.0,0.0,0.0,0.0
shopping,-0.0,-0.0,-0.0,0.0,-0.0,0.0,-0.0,0.0,0.0,0.0
disgust,-0.0,-0.0,-0.0,0.0,-0.0,0.0,-0.0,0.0,0.0,0.0
fire,-0.0,-0.0,-0.0,0.0,-0.0,0.0,-0.0,0.0,0.0,0.0
tool,-0.0,-0.0,-0.0,0.0,-0.0,0.0,-0.0,0.0,0.0,0.0
phone,-0.04417916671992875,-0.21218670060707015,0.08651593205575064,-0.13440153790939277,-0.009185940389704286,0.037128254650000324,-0.00401067595572883,0.03796223323081294,0.10691626912849184,0.004501097980552365
gain,-0.0,-0.0,-0.0,0.0,-0.0,0.0,-0.0,0.0,0.0,0.0
sound,-0.0,-0.0,-0.0,0.0,-0.0,0.0,-0.0,0.0,0.0,0.0
injury,-0.0,-0.0,-0.0,0.0,-0.0,0.0,-0.0,0.0,0.0,0.0
sailing,-0.0,-0.0,-0.0,0.0,-0.0,0.0,-0.0,0.0,0.0,0.0
rage,-0.0,-0.0,-0.0,0.0,-0.0,0.0,-0.0,0.0,0.0,0.0
science,-0.03207789328354853,0.0024175390427024594,-0.006449324978496629,0.12151442873629827,0.10266564220732008,0.17195607031558538,-0.0042281162509783445,0.05739623319524728,0.10881554408426514,-0.038761944050646584
work,-0.012381030296310797,-0.04725799137667217,-0.013542450667668161,0.03817298059832995,-0.08531246354911777,0.040880189809976465,-0.08570468087220007,-0.1905388397569886,-0.0386670225703343,-0.0010572853206481886
appearance,-0.0392135019312917,0.04495125168889883,-0.16378547051992548,-0.022589464498102008,-0.024407937813332406,-0.002236324064896648,-0.04936273974440214,0.12692473600529078,-0.037630918799945415,0.26748851671361606
valuable,0.012862553118268796,0.002486503644177213,-0.048265157759102534,0.0831329593362846,-0.09776153268375846,-0.10770441495611137,0.1949475489885695,-0.03355124930279654,0.2354376456614067,0.007047466996817651
warmth,-0.0,-0.0,-0.0,0.0,-0.0,0.0,-0.0,0.0,0.0,0.0
youth,-0.01587758257884816,0.02544426394605546,-0.08531305993086032,0.07122652543853569,-0.06059770613259161,-0.1553019545978747,0.15039518920940914,0.17897077067663816,0.0892833764710187,0.09005615314526198
sadness,-0.028429810743880925,0.07543234776429812,0.1358532460956779,-0.020537632453136098,-0.05978755295926365,0.18184065893866647,0.05299292193393661,0.016415044929422043,0.09116303397644544,0.020036852410124636
fun,-0.026032143720801294,-0.0037529717963723703,-0.0010951024073368712,0.01865757858891032,-0.012714251464807421,-0.026207937480171202,0.06991113594015914,0.016155042220418595,-0.054856329941456485,-0.08043192120167574
emotional,-0.03983948885981992,0.045870526183794086,0.10827390141134617,0.018249830397988262,0.19608221342192736,-0.0913515320833411,0.018067737220925965,-0.13842268724645274,0.11258207423089737,-0.014764595294640555
joy,-0.024570682531538896,0.10376975733189474,0.10874992435723313,-0.0419581333232356,-0.09395744843301934,0.12184539272103603,0.06477163116668394,-0.020858528401163295,-0.022971124411072182,0.04096408576134286
affection,-0.022406955792991918,0.09694333152296093,-0.0605832425796077,-0.09926167821947836,-0.065957332739406,0.11998953993476161,0.04192731501503402,0.019225255980390762,-0.017151355536518934,0.12143815856555135
traveling,-0.03207789328354853,0.0024175390427024594,-0.006449324978496629,0.12151442873629827,0.10266564220732008,0.17195607031558538,-0.0042281162509783445,0.05739623319524728,0.10881554408426514,-0.038761944050646584
fashion,-0.0,-0.0,-0.0,0.0,-0.0,0.0,-0.0,0.0,0.0,0.0
ugliness,-0.0,-0.0,-0.0,0.0,-0.0,0.0,-0.0,0.0,0.0,0.0
lust,-0.01499171137706845,0.10448638197568937,0.12048642258207981,-0.05586171621385571,-0.09364292790124101,0.1060528220691469,0.053034329468693686,0.01981962558605213,0.016331531491063644,0.045144248519936696
shame,-0.053143876996254925,0.21976130413126266,0.22714829933756348,-0.053442661498427795,0.009618504913355365,-0.06111409431811656,-0.06329021096844378,-0.024310906448347727,0.060327763921950134,0.04475591970563925
torment,-0.0,-0.0,-0.0,0.0,-0.0,0.0,-0.0,0.0,0.0,0.0
economics,0.012862553118268796,0.002486503644177213,-0.048265157759102534,0.0831329593362846,-0.09776153268375846,-0.10770441495611137,0.1949475489885695,-0.03355124930279654,0.2354376456614067,0.007047466996817651
anger,-0.0,-0.0,-0.0,0.0,-0.0,0.0,-0.0,0.0,0.0,0.0
politics,-0.0,-0.0,-0.0,0.0,-0.0,0.0,-0.0,0.0,0.0,0.0
ship,-0.0,-0.0,-0.0,0.0,-0.0,0.0,-0.0,0.0,0.0,0.0
clothing,-0.01938196108907919,0.012580984609855735,-0.04622144395554515,0.04000214936236167,-0.021164267126210404,-0.0724880375584496,-0.02792910071230464,0.15639793603443555,-0.009431736152726421,0.07451672548142338
car,-0.0,-0.0,-0.0,0.0,-0.0,0.0,-0.0,0.0,0.0,0.0
strength,-0.029105334732362854,-0.0021774363654252643,-0.03566089759655729,0.04224550084606906,-0.0009556585159290321,0.047985117367558734,0.0356633389187425,-0.12359900337939382,-0.1194196054519575,-0.012701263461666336
technology,-0.0,-0.0,-0.0,0.0,-0.0,0.0,-0.0,0.0,0.0,0.0
breaking,-0.0,-0.0,-0.0,0.0,-0.0,0.0,-0.0,0.0,0.0,0.0
shape_and_size,-0.025232264184416018,0.01108110950878426,-0.015462659345177774,0.04474314148606943,0.014449360768564665,0.024913678527726996,0.06665169072788521,-0.14033410729610027,-0.08993888439772611,0.023582922620983406
power,-0.02910533473236287,-0.002177436365425267,-0.035660897596557294,0.04224550084606907,-0.0009556585159290158,0.047985117367558755,0.035663338918742495,-0.12359900337939377,-0.11941960545195748,-0.012701263461666343
white_collar_job,-0.0,-0.0,-0.0,0.0,-0.0,0.0,-0.0,0.0,0.0,0.0
animal,-0.0,-0.0,-0.0,0.0,-0.0,0.0,-0.0,0.0,0.0,0.0
party,0.29447380962276487,-0.020807342406223776,0.06258636031245525,0.0319619222063973,0.06365536630765706,0.022967705118006696,-0.020316385417905588,0.03682833558443926,-0.010156417785526515,-0.029808903174478155
terrorism,-0.0,-0.0,-0.0,0.0,-0.0,0.0,-0.0,0.0,0.0,0.0
smell,-0.0,-0.0,-0.0,0.0,-0.0,0.0,-0.0,0.0,0.0,0.0
disappointment,-0.0,-0.0,-0.0,0.0,-0.0,0.0,-0.0,0.0,0.0,0.0
poor,0.012194648867987306,-0.014341719880176868,-0.010208966778927185,0.0670653088749742,-0.07514646722147844,-0.028837954307779592,0.013238940255897854,-0.07526872360380282,0.1758377691195307,-0.011982046913428752
plant,-0.0,-0.0,-0.0,0.0,-0.0,0.0,-0.0,0.0,0.0,0.0
pain,-0.053143876996254925,0.21976130413126266,0.22714829933756348,-0.053442661498427795,0.009618504913355365,-0.06111409431811656,-0.06329021096844378,-0.024310906448347727,0.060327763921950134,0.04475591970563925
beauty,-0.005572818507206927,0.03535279109158603,-0.09371287426950083,-0.07742273729067951,0.01619565864471524,0.04210241146436631,-0.00011613640831793347,0.052410044482254885,0.02768878779193786,0.17235256895496895
timidity,-0.01942567134024231,-0.0962314875777071,0.04591292056771669,-0.07860778578906648,0.05044352132739935,-0.013213209613660936,0.0015948715256066486,0.011151852514892544,0.04664371510383031,0.03978432396980067
philosophy,-0.05823585273918076,0.00046060253302949517,-0.03849899291943875,0.15948190474974597,0.10180675922442477,0.21508193593838065,0.02782374578968209,-0.05368641707778942,0.001489061625140277,-0.05017700378868655
negotiate,-0.0,-0.0,-0.0,0.0,-0.0,0.0,-0.0,0.0,0.0,0.0
negative_emotion,-0.06301135347374365,0.07849982275210311,0.06633548003036245,0.07105395671698385,0.17311531217340598,-0.11885982440254055,-0.07686067834057107,-0.09715483936917839,0.02713765488886799,0.0768718889924963
cleaning,-0.0,-0.0,-0.0,0.0,-0.0,0.0,-0.0,0.0,0.0,0.0
messaging,-0.0,-0.0,-0.0,0.0,-0.0,0.0,-0.0,0.0,0.0,0.0
competing,-0.0,-0.0,-0.0,0.0,-0.0,0.0,-0.0,0.0,0.0,0.0
law,-0.0,-0.0,-0.0,0.0,-0.0,0.0,-0.0,0.0,0.0,0.0
friends,0.2962013586269083,-0.003855470462687764,-0.015771522418042097,-0.0669493627866416,0.0334663248878182,0.0876229336326495,-0.001648054445847726,0.0545364334619223,0.04985022450680722,0.030172725317094133
payment,-0.004130594261486416,-0.016695278530242226,-0.010895725934960916,0.0787658245888544,-0.08311981158367909,-0.045273440984351716,0.05708151825952203,-0.06513759514800427,0.14143634090486884,-0.06242240568952156
achievement,-0.0,-0.0,-0.0,0.0,-0.0,0.0,-0.0,0.0,0.0,0.0
alcohol,-0.03565800574666103,0.01077504776331087,-0.04958362530788917,0.06956622933201576,0.006355656054899093,-0.09955130630814597,-0.03266194068305136,0.14806150911684188,-0.062452731707879273,0.12336263537972102
liquid,-0.0,-0.0,-0.0,0.0,-0.0,0.0,-0.0,0.0,0.0,0.0
feminine,-0.021724452893470966,0.045836945027489896,-0.1322307445791161,-0.044087612522028675,-0.0014412307858587545,-0.018304287044668646,-0.0233903872113734,0.18274165901726902,0.01982900759392783,0.234449840748364
weapon,-0.0,-0.0,-0.0,0.0,-0.0,0.0,-0.0,0.0,0.0,0.0
children,-0.012652396024633378,0.012433718910010343,-0.03272775834374876,0.04476115355411541,-0.0016292690152957586,-0.11124843103160496,0.2460477224446113,-0.03480305017816849,0.021355151742379747,-0.024274174916869274
monster,-0.0,-0.0,-0.0,0.0,-0.0,0.0,-0.0,0.0,0.0,0.0
ocean,-0.0,-0.0,-0.0,0.0,-0.0,0.0,-0.0,0.0,0.0,0.0
giving,-0.03769227453424716,-0.21002058717356012,0.08095441481223845,-0.0953004864441228,-0.0608059160864578,-0.008251947155312887,0.1578206809177848,-0.08068723247546691,0.09793436903092503,-0.12470306964227273
contentment,-0.023457469869629988,0.1372521173753775,0.1456465020616665,-0.04947773635327317,-0.11995346493615021,0.07647156779433832,-0.00416507082835651,0.09308966468866513,-0.002677509573884743,0.0024420241839194605
writing,-0.0,-0.0,-0.0,0.0,-0.0,0.0,-0.0,0.0,0.0,0.0
rural,-0.0,-0.0,-0.0,0.0,-0.0,0.0,-0.0,0.0,0.0,0.0
positive_emotion,0.29391139405015926,0.01959597302312646,0.04949488462959696,0.0015207757702274715,0.0621836814183368,0.06232785888683394,-0.01168829867905762,0.02363789897411641,-0.0019247741147585408,0.044116890472358464
musical,-0.0,-0.0,-0.0,0.0,-0.0,0.0,-0.0,0.0,0.0,0.0
text_abbreviations,-0.0,-0.0,-0.0,0.0,-0.0,0.0,-0.0,0.0,0.0,0.0
VBG,-0.05913123349744028,0.04258784623910923,0.03667774777196199,0.1262996538147463,0.0635795959932972,0.21769844390184243,0.054486631395827635,-0.023649227737633245,0.12753665371659492,0.0038218572221064228
IN,-0.23840652151349082,-0.17447305119696624,0.06372137179613531,0.10835565052789899,0.0063989258123236204,0.006041581573332292,-0.18280514156220018,-0.06301970655077725,0.05964602509828405,-0.009497363450236166
VBN,-0.038054238888746025,-0.035160141478268986,-0.01322678704355574,-0.000702003391987025,-0.08523932757149791,-0.049513697332565505,-0.0999672497976672,0.03770847761557711,-0.058950569438281517,-0.02195583556611127
JJ,0.23585112406103503,0.05754746462777034,-0.11226376400692768,0.044197359970376875,0.13506238561041414,0.028378034163890183,0.007258116839683758,0.053638776429632044,0.042489170481547205,-0.056719476618228785
NNS,-0.11600549211192294,0.020261049332976632,-0.16670740750814564,0.13521109650466479,-0.0419179970324617,-0.044803484821225106,-0.21049205451907563,0.02331862347183641,0.15995247053779296,0.07244832689646784
RP,-0.03932193474274269,0.10261436244881113,0.12996144836265974,-0.05936767583892306,-0.09581669996640503,0.08852242391195676,0.08975264525860682,0.05370526665044748,-0.03948782137241559,-0.000669943955034731
PRP,-0.16028221561597117,0.012499873283985292,-0.02703075178790053,-0.07629386526941971,-0.09266446647154833,-0.01119450770510749,0.1421919593976529,0.04276371266591646,-0.057012503596323566,-0.050860715558124096
WDT,-0.036581461054606156,0.10465080595711634,0.1364525938085828,-0.08618303479951821,-0.06612253624085394,0.07927524190335991,0.0648720267479637,0.015126370386555014,0.0031151493865756636,0.03910854608116864
NNP,0.010878065010138526,0.0457765474359066,-0.05444094647772484,-0.0968728924522283,0.09068792437705678,0.002370112141110126,0.012377752300860608,-0.04629551784476011,0.014174566620113793,-0.13786993707996423
EX,-0.024855536757546665,0.11294667520428535,0.125804174969876,-0.041775955608335795,-0.08958580514335557,0.08807385869216566,0.0381939912441301,0.02159905645761826,0.007062128522589188,0.042015955865759014
TO,-0.0857019424238632,0.020419460744455397,0.05340142970762531,-0.03478683364534074,0.04033165623488473,0.03421672681693849,0.16024255068049498,-0.03156662129566266,-0.06789291605973868,0.03462968440161236
WP,-0.045600562186277,-0.01666047263532129,0.051056480466071884,0.029032359569372487,-0.1829616383306491,0.01522519060666004,-0.17903944850930445,0.03899711938499851,0.07725186765814838,-0.08043432516007025
MD,-0.05947455859718492,-0.055484732779748566,0.1591396252459294,-0.07913338884298676,0.15746955937614823,-0.11355595441770537,0.06373961458992158,-0.06388048253790896,-0.009747126939111546,0.07319881189697261
NN,0.207777951231767,-0.1191351170902845,0.0064777495431320884,0.10769635716165929,0.00806134786793561,0.017969456041644735,-0.07903480750635176,-0.12099732186318608,0.08425439007231073,0.29087882153230654
WRB,-0.013055984940295714,0.04661025327044393,0.0398432542539786,-0.010701553227789078,-0.14673609369903992,-0.0008297269317457572,0.077509386313879,0.02085521212465161,0.011698567197572654,-0.08153380709639525
VBP,-0.12061804834318658,0.016786816202807114,-0.0390655379875151,0.021339232808828063,-0.036040527670217606,-0.004017449175305518,0.04090825283336186,0.12431599595437348,-0.08243091333236391,-0.1092792443873306
RBS,-0.00690157629808134,0.01423356908540394,-0.02612985607603333,-0.012860923747894168,-0.028243785941199865,0.03288483541669653,0.013160925461163509,-0.02951094674008091,-0.028791210255927065,-0.0052421075114289315
RB,-0.11435509177821757,0.035876501127033195,-0.05596556237547325,-0.17077576299883596,0.04143252749453652,-0.03765314920909198,0.13871665255308965,0.16072244565141336,-0.011490794705203679,-0.1651240246438059
UH,-0.00037556226827101263,0.025797164752045538,-0.010400108405205848,-0.012904471565659058,0.012726369924397204,-0.02289525567863282,-0.0624005471574252,0.05248106099182815,0.012351042585137346,-0.06078218802492398
JJR,-0.00690157629808134,0.01423356908540394,-0.02612985607603333,-0.012860923747894168,-0.028243785941199865,0.03288483541669653,0.013160925461163509,-0.02951094674008091,-0.028791210255927065,-0.0052421075114289315
PRP$,-0.07164419003504431,0.05826804976819242,-0.30932273199754434,-0.15236128428962104,0.07561254246034059,0.1451097324881926,0.19140739368308932,-0.2908465568544394,-0.10559620192710407,0.1324150318672862
DT,0.2438778320993984,-0.052985157103226106,0.05617733332321724,0.11293856739538789,-0.03493410886590395,-0.012450965346121168,-0.14538417461564201,-0.06739626495709589,-0.04823794204213961,0.06741010516038327
VB,0.22553208550524434,-0.057081667847319766,0.1933957114703547,0.061099697573968506,0.191208723298566,-0.05857131942511712,0.16486224920285142,0.07273536437779295,-0.143925497014209,0.12682770973715796
VBD,-0.02656280662052247,-0.08913468959956575,0.026185994619935975,-0.026291797180753425,-0.06252989441928514,-0.019143930103294057,-0.0683384229661327,-0.13969421214101738,-0.010891415438586434,-0.04048571314274003
PDT,-0.016860062069765366,-0.050343697332090195,0.030800992966137856,-0.029779970816558612,-0.004638416942295806,-0.001655221514385384,0.04310204261092423,0.03596523709772387,-0.027268546269200212,-0.008460703519031741
POS,-0.03383108629507907,-0.0273220214438591,0.009230375631939378,0.04203472796288661,0.04963924064593649,-0.02475629054468271,0.009685366784849792,-0.006656990754733887,-0.08582286200932983,0.08830586495103276
CD,-0.0030742569412363138,0.0065366712057264836,-0.07189370995887828,0.006496309010600779,-0.06779619781688408,-0.016970252473566837,-0.07846553371124672,-0.05821262856555717,0.14128769987363815,-0.052984706742605
VBZ,-0.07386434119198892,0.11332021103961933,-0.16306148303999665,-0.07588468535686403,-0.28557826084584115,0.03754751103910931,-0.19897489379397126,-0.1209186994322107,0.14594095175475244,0.07296142733084864
JJS,-0.014488400996427626,-0.02271094702475048,-0.08821248536148402,-0.09452736516021244,-0.0011569310115941032,0.11217325857129015,-0.048829437339074466,0.0077120368695025076,0.12606112347213289,0.07642538859859892
CC,-0.12892978184049195,0.06854922730040887,-0.04025071955166555,0.053604985803685064,0.11780358986541457,-0.12258868960832545,-0.08464941120512544,0.06182660882291625,-0.0032334029458936197,-0.1944845465162855
PositiveCnt,0.030322129266879324,-0.02600756755294008,-0.016347164420726513,-0.043300670625029326,-0.012471895635913638,0.0552686640905319,0.045620298074215276,-0.005470102199486416,0.02849483077763595,0.009616603151991884
NegativeCnt,-0.03032212926687935,0.026007567552940057,0.016347164420726527,0.04330067062502932,0.012471895635913615,-0.05526866409053191,-0.045620298074215276,0.005470102199486436,-0.028494830777635958,-0.00961660315199189
PositiveStd,-0.0,-0.0,-0.0,0.0,-0.0,0.0,-0.0,0.0,0.0,0.0
NegativeStd,-0.0,-0.0,-0.0,0.0,-0.0,0.0,-0.0,0.0,0.0,0.0
PostitiveAvg,0.16435432223405685,-0.12160587567627751,-0.050522367177073244,-0.1568757624152805,-0.09761162799033003,0.0493624042661479,0.00023476165274985934,0.048226081866399866,0.11204067486891933,-0.06381224340940234
NegativeAvg,0.030322129266879324,-0.02600756755294008,-0.016347164420726513,-0.043300670625029326,-0.012471895635913638,0.0552686640905319,0.045620298074215276,-0.005470102199486416,0.02849483077763595,0.009616603151991884
SubjectiveCnt,-0.0,-0.0,-0.0,0.0,-0.0,0.0,-0.0,0.0,0.0,0.0
SubjectiveStd,-0.0,-0.0,-0.0,0.0,-0.0,0.0,-0.0,0.0,0.0,0.0
SubjectiveAvg,0.04789160885416429,0.05012385209536625,-0.08889140815273179,-0.07741626029745441,0.1287511272490171,-0.1532588003013324,0.04117182206632346,0.10515279436581593,0.06464760836329232,-0.06262421308694793
WordSum,-0.19247292682350098,-0.05123648720302976,0.01650741567950621,0.08709910446453566,0.09037404533593728,-0.019698051462145184,0.03567491147275159,-0.00021640357679630985,-0.06511254233555556,0.08807966066924183
WordAvg,-0.19247292682350098,-0.05123648720302976,0.01650741567950621,0.08709910446453566,0.09037404533593728,-0.019698051462145184,0.03567491147275159,-0.00021640357679630985,-0.06511254233555556,0.08807966066924183
WordStd,-0.0,-0.0,-0.0,0.0,-0.0,0.0,-0.0,0.0,0.0,0.0
CharacterSum,-0.1878568855599627,-0.05728296807194972,0.01220031083216505,0.09874253968910848,0.1091001710278286,0.00971037852736606,0.03358502678344984,0.016323896674928493,-0.04479087650367079,0.0951881760675932
CharacterAvg,-0.1878568855599627,-0.05728296807194972,0.01220031083216505,0.09874253968910848,0.1091001710278286,0.00971037852736606,0.03358502678344984,0.016323896674928493,-0.04479087650367079,0.0951881760675932
CharacterStd,-0.0,-0.0,-0.0,0.0,-0.0,0.0,-0.0,0.0,0.0,0.0
gender,-0.021675501863161178,0.10252166415367785,-0.12130575328024393,-0.4025321271256744,0.32921410077634794,-0.090519083713175,-0.17772309123515437,-0.10411711457293776,0.2584396319007798,0.0223132050470429
