ID,Polarity,Subjectivity,help,office,dance,money,wedding,domestic_work,sleep,medical_emergency,cold,hate,cheerfulness,aggression,occupation,envy,anticipation,family,vacation,crime,attractive,masculine,prison,health,pride,dispute,nervousness,government,weakness,horror,swearing_terms,leisure,suffering,royalty,wealthy,tourism,furniture,school,magic,beach,journalism,morning,banking,social_media,exercise,night,kill,blue_collar_job,art,ridicule,play,computer,college,optimism,stealing,real_estate,home,divine,sexual,fear,irritability,superhero,business,driving,pet,childish,cooking,exasperation,religion,hipster,internet,surprise,reading,worship,leader,independence,movement,body,noise,eating,medieval,zest,confusion,water,sports,death,healing,legend,heroic,celebration,restaurant,violence,programming,dominant_heirarchical,military,neglect,swimming,exotic,love,hiking,communication,hearing,order,sympathy,hygiene,weather,anonymity,trust,ancient,deception,fabric,air_travel,fight,dominant_personality,music,vehicle,politeness,toy,farming,meeting,war,speaking,listen,urban,shopping,disgust,fire,tool,phone,gain,sound,injury,sailing,rage,science,work,appearance,valuable,warmth,youth,sadness,fun,emotional,joy,affection,traveling,fashion,ugliness,lust,shame,torment,economics,anger,politics,ship,clothing,car,strength,technology,breaking,shape_and_size,power,white_collar_job,animal,party,terrorism,smell,disappointment,poor,plant,pain,beauty,timidity,philosophy,negotiate,negative_emotion,cleaning,messaging,competing,law,friends,payment,achievement,alcohol,liquid,feminine,weapon,children,monster,ocean,giving,contentment,writing,rural,positive_emotion,musical,colors,text_abbreviations,WordsTags,WP,DT,NNP,POS,VBD,VBP,UH,CD,JJ,WDT,JJR,NN,NNS,VB,TO,WRB,CC,PDT,VBZ,PRP,RBS,VBG,RP,MD,VBN,JJS,RB,PRP$,EX,IN,WordSum,CharacterSum
9890,0.542,0.516,0.090909091,0,0,0,0,0,0,0,0,0,0,0,0,0,0,0,0,0,0,0,0,0,0,0,0,0,0,0,0,0,0,0,0,0,0,0,0,0,0,0,0,0,0,0,0,0,0,0,0,0,0,0.022727273,0,0,0,0,0,0,0,0,0,0,0,0,0,0,0,0,0,0,0,0,0,0,0,0,0,0,0,0,0,0,0,0,0,0,0.022727273,0,0,0,0,0,0,0,0,0,0,0,0,0,0,0,0,0,0,0,0,0,0,0,0,0,0,0,0.045454545,0,0,0,0,0,0,0,0,0,0,0,0,0,0,0,0,0,0,0,0,0,0,0,0,0,0,0,0,0,0,0,0,0,0,0,0,0,0,0,0,0,0,0,0,0,0,0,0.045454545,0,0,0,0,0,0,0,0,0,0,0,0,0,0,0,0.090909091,0,0,0,0,0,0,0,0,0,0.022727273,0,0,0,0.045454545,0,0,0,44,0,0.090909091,0.022727273,0,0.045454545,0.022727273,0,0.022727273,0.113636364,0,0,0.113636364,0.022727273,0,0.022727273,0.022727273,0.068181818,0.022727273,0.090909091,0.113636364,0,0,0,0,0,0,0.159090909,0.022727273,0,0.022727273,44,204
9766,0.231018519,0.651388889,0.035087719,0,0,0,0.01754386,0,0,0,0,0,0,0,0,0,0,0,0,0,0,0,0,0,0,0,0,0,0,0,0,0,0,0,0,0,0,0,0,0,0,0,0,0,0,0,0,0,0,0,0,0,0,0,0,0,0,0,0,0,0,0,0.01754386,0,0,0,0,0,0,0,0,0,0,0,0,0,0,0,0,0,0,0,0,0,0,0,0,0,0,0.01754386,0,0.01754386,0,0,0,0,0,0,0,0,0,0,0,0,0,0,0,0,0,0,0,0,0,0,0,0,0,0,0,0,0,0,0,0,0,0,0,0,0,0,0,0,0,0,0,0,0,0,0,0,0,0.01754386,0,0,0,0,0,0,0,0,0,0,0,0,0,0,0,0.01754386,0,0,0,0,0,0,0.052631579,0,0,0,0,0,0,0,0,0,0,0,0,0,0,0,0.035087719,0,0.01754386,0,0,0,0,0,0,0,0.01754386,0,0,0,0.035087719,0,0,0,57,0.070175439,0.035087719,0,0,0,0.087719298,0,0,0.070175439,0,0,0.087719298,0.105263158,0.01754386,0.035087719,0.070175439,0.052631579,0,0.105263158,0.087719298,0.01754386,0,0,0.01754386,0,0,0.087719298,0.035087719,0,0.01754386,57,300
9525,0.272222222,0.444444444,0.076923077,0,0,0,0,0,0,0,0,0.038461538,0,0,0,0,0,0,0,0,0,0,0,0,0,0,0.038461538,0,0,0,0,0,0.038461538,0,0,0,0,0,0,0,0,0,0,0,0,0,0,0,0,0,0,0,0,0.038461538,0,0,0,0,0,0.038461538,0,0,0,0,0,0,0,0,0,0,0,0,0,0,0,0,0,0,0,0,0,0.038461538,0,0,0,0,0,0,0,0,0,0,0,0,0,0,0,0,0,0,0,0,0,0.038461538,0,0,0,0,0,0,0,0,0,0,0,0,0,0,0,0,0,0,0,0,0,0,0,0,0,0,0,0,0,0,0,0,0,0,0,0,0.038461538,0,0,0.038461538,0.038461538,0,0,0,0.038461538,0.038461538,0,0,0,0,0,0,0,0,0,0,0,0,0,0,0.038461538,0,0,0,0,0,0.038461538,0,0,0,0,0,0,0,0,0,0.076923077,0,0,0,0,0,0,0,0,0,0,0.038461538,0,0,0.076923077,0,0,0,27,0.037037037,0.037037037,0,0,0,0.037037037,0,0,0.037037037,0.037037037,0,0.074074074,0,0.074074074,0.037037037,0.037037037,0,0,0.111111111,0.148148148,0,0.037037037,0.111111111,0.037037037,0,0,0.074074074,0,0.037037037,0.037037037,27,129
9170,0.183333333,0.583333333,0.022222222,0,0,0,0,0,0,0,0,0,0,0,0,0,0,0,0,0,0,0,0,0,0,0,0,0,0,0,0,0,0,0,0,0,0,0,0,0,0,0,0,0,0,0,0,0,0,0,0,0,0,0,0,0,0,0,0,0,0,0,0,0,0,0,0,0,0,0,0,0,0,0,0,0,0,0,0,0,0,0,0,0,0,0,0,0,0,0,0,0,0,0,0,0,0,0,0,0,0,0,0,0,0,0,0,0.022222222,0,0,0,0,0,0,0,0,0,0,0,0,0,0,0,0,0,0,0,0,0,0,0,0,0,0,0,0,0.022222222,0,0,0,0,0,0,0,0,0,0,0,0,0,0,0,0,0,0,0,0,0,0,0,0,0,0,0,0.022222222,0,0,0,0,0,0,0,0,0,0,0,0,0,0,0,0.022222222,0,0,0,0,0,0,0,0,0,0,0,0,0,0.022222222,0,0,0,45,0.044444444,0.111111111,0.022222222,0,0,0.088888889,0,0,0.088888889,0,0,0.111111111,0.022222222,0.066666667,0,0,0.066666667,0,0.066666667,0.155555556,0,0,0,0.044444444,0,0,0.022222222,0,0,0.088888889,45,212
9137,0.47,0.71,0.027777778,0,0,0,0,0,0,0,0.055555556,0,0,0,0,0,0,0,0,0,0,0,0,0,0,0,0,0,0,0,0,0,0,0,0,0,0,0,0,0,0,0,0,0.027777778,0,0,0,0,0,0,0,0,0,0,0,0,0,0,0,0,0,0,0,0,0,0,0,0,0,0,0,0,0,0,0,0,0,0,0,0,0,0,0,0,0,0,0,0,0,0,0,0,0,0,0,0,0,0,0,0,0,0,0,0,0,0.055555556,0,0.027777778,0,0,0,0,0,0,0,0,0.027777778,0,0,0,0,0,0,0,0,0,0,0,0,0,0,0,0,0,0,0,0,0,0,0,0,0,0,0,0.027777778,0,0,0,0,0,0,0,0,0,0,0,0,0,0,0,0,0,0,0,0.027777778,0,0,0,0,0,0,0,0,0,0,0,0,0,0,0,0.083333333,0,0,0,0,0,0,0,0,0,0,0,0,0,0.027777778,0,0,0,40,0,0.025,0,0,0,0.075,0,0.025,0.2,0,0,0.075,0.05,0.025,0.025,0,0.125,0,0.075,0.175,0,0,0,0,0.025,0,0.025,0.025,0,0.05,36,168
8917,0.4,0.55,0.073170732,0,0,0,0,0,0,0,0,0,0,0,0,0,0,0,0,0,0,0,0,0,0,0,0,0,0,0,0,0,0,0,0,0,0,0,0,0,0,0,0,0,0,0,0,0,0,0,0,0,0,0.024390244,0,0,0,0,0,0,0,0,0.024390244,0,0,0,0,0,0,0,0,0,0,0,0,0,0,0,0,0,0,0,0,0,0,0,0,0,0,0,0,0,0,0,0,0,0,0,0.024390244,0,0,0,0,0,0,0,0,0.024390244,0,0,0,0,0,0,0,0,0,0,0,0,0,0,0,0,0,0,0,0,0,0,0,0,0,0,0,0,0,0,0,0,0,0,0,0,0.024390244,0,0,0,0,0,0,0,0,0,0,0,0,0,0,0,0.024390244,0,0,0,0.073170732,0,0,0,0,0,0,0,0,0,0,0,0,0,0,0,0.12195122,0,0,0,0,0,0,0,0,0,0.024390244,0,0,0,0.097560976,0,0,0,41,0.048780488,0.097560976,0,0,0,0.073170732,0,0,0.073170732,0,0,0.146341463,0,0,0.024390244,0.024390244,0.073170732,0,0.048780488,0.195121951,0,0.048780488,0,0,0,0,0.048780488,0.048780488,0,0.048780488,41,210
8889,0.147727273,0.420454545,0.03539823,0,0,0,0,0,0,0,0,0,0,0,0,0,0,0,0.017699115,0,0,0,0,0,0,0.008849558,0,0,0,0,0,0.017699115,0,0,0,0,0,0,0,0,0,0,0,0,0,0,0,0,0,0,0,0,0,0,0,0,0,0,0,0,0,0,0,0,0,0,0,0,0,0,0,0,0,0,0,0,0,0,0,0,0,0,0,0,0,0.008849558,0,0,0,0,0,0,0,0,0,0,0,0,0,0,0.026548673,0.008849558,0.017699115,0,0,0,0,0,0,0,0,0,0,0,0,0,0,0,0,0.008849558,0,0.008849558,0.008849558,0,0,0,0,0,0.008849558,0,0,0,0,0,0,0,0,0,0,0,0,0,0,0,0,0,0,0,0,0,0,0,0,0,0,0,0,0,0,0,0,0,0,0,0.008849558,0,0,0,0,0,0,0,0,0,0,0,0,0,0,0,0.008849558,0,0,0,0,0,0,0,0,0,0.008849558,0,0,0,0.008849558,0,0,0,118,0.033898305,0.06779661,0,0.008474576,0,0.016949153,0,0,0.06779661,0,0,0.127118644,0.016949153,0.110169492,0.025423729,0,0.025423729,0,0.025423729,0.110169492,0,0.016949153,0.008474576,0.076271186,0.016949153,0,0.101694915,0.016949153,0,0.127118644,113,581
8801,0.8,0.5,0.071428571,0,0,0,0,0,0,0,0,0,0,0,0,0,0,0.071428571,0,0,0,0,0,0,0,0,0,0,0,0,0,0,0,0,0,0,0,0,0,0,0,0,0,0.071428571,0,0,0,0,0,0,0,0,0,0,0,0,0,0,0,0,0,0,0,0,0,0,0,0,0,0,0,0,0,0,0,0,0,0,0,0,0,0,0,0,0,0,0,0,0,0,0,0,0,0,0,0,0,0,0,0,0,0,0,0,0,0,0,0.071428571,0,0,0,0,0,0,0,0,0,0,0,0,0,0,0,0,0,0,0,0,0,0,0,0,0,0,0,0,0,0,0,0,0,0,0,0,0,0,0,0,0,0,0,0,0,0,0,0,0,0,0,0,0,0,0,0,0.071428571,0,0,0,0,0,0,0,0,0,0,0,0,0,0,0,0.214285714,0,0,0,0,0,0,0,0,0,0,0,0,0,0.071428571,0,0,0,17,0,0.058823529,0,0,0,0,0,0.058823529,0.117647059,0,0,0.058823529,0.058823529,0.058823529,0,0,0,0,0.176470588,0.176470588,0,0,0,0,0,0.058823529,0.058823529,0.058823529,0,0.058823529,14,72
8760,0.257575758,0.543939394,0.028169014,0,0.014084507,0,0.014084507,0,0,0,0,0,0,0,0,0,0,0,0.014084507,0,0,0,0,0,0,0,0,0,0,0,0,0,0.014084507,0,0,0,0,0.014084507,0,0,0,0,0,0,0.014084507,0,0,0,0,0,0,0,0.014084507,0,0,0,0,0,0.014084507,0,0,0,0,0,0,0,0,0,0,0,0,0,0.014084507,0,0,0,0,0,0,0,0,0,0,0,0.014084507,0,0,0,0,0.014084507,0,0,0,0,0,0,0,0,0,0,0,0,0,0,0,0,0,0.042253521,0,0,0,0,0,0,0.014084507,0,0,0,0,0,0,0,0,0,0,0,0,0,0,0,0,0,0,0,0.014084507,0,0,0,0,0,0.014084507,0,0.014084507,0,0,0.014084507,0,0,0,0,0,0,0,0,0,0,0,0,0,0,0,0,0,0,0.014084507,0,0,0,0,0,0,0,0,0.014084507,0,0.014084507,0,0,0,0,0.028169014,0,0,0,0,0,0,0,0,0,0,0,0,0,0.028169014,0,0,0,75,0.013333333,0.026666667,0,0,0,0.066666667,0,0,0.12,0,0,0.133333333,0.053333333,0.026666667,0.026666667,0,0.066666667,0,0.026666667,0.133333333,0,0.08,0,0,0,0.013333333,0.04,0.013333333,0,0.16,71,443
8759,0.57,0.66,0.1,0,0,0,0,0,0,0,0,0,0,0,0,0,0,0,0,0,0,0,0,0,0,0,0,0,0,0,0,0,0,0,0,0,0,0,0,0,0,0,0,0,0,0,0,0,0,0,0,0,0,0,0,0,0,0,0,0,0,0,0,0,0,0.033333333,0,0,0,0,0,0,0,0,0,0,0,0,0,0,0,0,0,0,0,0,0,0,0,0,0,0,0,0,0,0,0,0,0,0,0,0,0,0,0,0,0,0,0,0,0,0,0,0.033333333,0,0,0,0,0,0,0,0,0,0,0,0,0,0,0,0,0,0,0,0,0,0,0,0,0,0,0,0,0,0,0,0,0,0,0,0,0,0,0,0,0,0,0,0,0,0,0,0,0,0,0.066666667,0,0,0,0,0,0,0,0,0,0,0,0,0,0,0,0.133333333,0,0,0,0,0,0,0,0,0,0,0,0,0,0.066666667,0,0,0,31,0,0.129032258,0,0,0,0.032258065,0.032258065,0,0.193548387,0,0,0.129032258,0.064516129,0.064516129,0,0,0.064516129,0,0.096774194,0.064516129,0,0.032258065,0,0,0,0,0.064516129,0,0,0.032258065,30,158
8423,0.205555556,0.683333333,0.018181818,0,0,0.018181818,0,0,0,0,0,0,0,0,0,0,0,0,0,0,0.036363636,0,0,0,0,0,0,0,0,0,0,0,0,0,0,0,0,0,0,0,0,0,0,0,0,0,0,0,0,0,0,0,0,0,0,0,0,0,0,0,0,0,0,0,0,0,0,0,0,0,0,0,0,0,0,0,0,0.018181818,0,0,0,0,0,0,0,0,0,0,0,0,0,0,0,0,0,0,0,0,0,0,0,0,0,0,0,0,0,0,0,0,0.018181818,0,0,0,0,0,0,0,0,0,0,0,0,0,0,0,0,0,0,0,0,0,0,0,0,0,0.054545455,0,0,0.036363636,0,0,0,0,0,0,0,0,0,0,0,0,0,0,0,0.018181818,0,0,0,0,0,0,0,0,0.018181818,0,0,0,0,0,0,0,0,0,0,0,0,0,0,0,0.018181818,0,0,0.018181818,0,0.036363636,0,0,0,0,0,0,0,0,0.018181818,0,0,0,59,0,0.084745763,0,0,0,0.050847458,0,0,0.169491525,0,0,0.118644068,0.050847458,0,0,0,0.084745763,0,0.101694915,0.118644068,0,0,0,0,0.033898305,0,0.084745763,0,0,0.101694915,55,299
8366,-0.4,0.7,0,0,0,0,0,0,0,0,0,0,0,0,0,0,0,0,0,0,0,0,0,0,0,0,0,0,0,0,0,0,0,0,0,0,0,0,0,0,0,0,0,0,0,0,0,0,0,0,0,0,0,0,0,0,0,0,0,0,0,0,0,0,0,0,0,0,0,0,0,0,0,0,0,0,0,0,0,0,0,0,0,0,0,0,0,0,0,0,0,0,0,0,0,0,0,0,0,0,0,0,0,0,0,0,0,0,0,0,0,0,0,0,0,0,0,0,0,0,0,0,0,0,0,0,0,0,0,0,0,0,0,0,0,0,0,0,0,0,0,0,0,0,0,0,0,0,0,0,0,0,0,0,0,0,0,0,0,0,0,0,0,0,0,0,0,0,0,0,0,0,0,0,0,0,0,0,0,0,0,0,0,0,0,0,0,0,0,0,0,0,0,0,0,0,0,0,15,0,0,0,0,0,0,0,0,0,0.133333333,0,0.133333333,0.133333333,0,0,0,0.133333333,0,0.133333333,0.133333333,0,0,0,0,0,0,0,0.066666667,0,0.133333333,15,93
7984,0.385,0.548333333,0.043478261,0,0,0,0,0,0,0,0,0,0,0,0,0,0,0,0,0,0,0,0,0,0,0,0,0,0,0,0,0,0,0,0,0,0,0,0,0,0,0,0,0,0,0,0,0,0,0,0,0,0,0,0,0,0,0,0,0,0,0,0,0,0,0,0,0,0,0,0,0,0,0,0,0,0,0,0,0,0,0,0,0,0,0,0,0,0,0,0,0,0,0,0,0,0,0,0,0,0,0,0,0,0,0,0,0,0,0,0,0,0,0,0,0,0.043478261,0,0,0,0,0,0,0,0,0,0,0,0,0,0,0,0,0,0,0,0,0,0,0,0,0,0,0,0.086956522,0,0,0,0,0,0,0,0,0,0,0,0,0,0,0,0,0,0,0,0.043478261,0,0,0,0,0,0,0,0,0,0,0,0,0,0,0,0.043478261,0,0,0,0,0,0,0,0,0,0,0,0,0,0.043478261,0,0,0,23,0,0.043478261,0,0,0,0,0,0,0.086956522,0,0.043478261,0.130434783,0,0,0.043478261,0,0,0,0.130434783,0.217391304,0,0.043478261,0,0,0,0,0.086956522,0.043478261,0,0.130434783,23,103
7683,0.7,0.6,0.176470588,0,0,0,0,0,0,0,0,0,0,0,0,0,0,0,0,0,0,0.058823529,0,0,0,0,0,0,0,0,0,0,0,0,0,0,0,0,0,0,0,0,0,0,0,0,0,0,0,0,0,0,0,0,0,0,0,0,0,0,0,0,0,0,0,0,0,0,0,0,0,0,0,0,0,0,0,0,0,0,0,0,0,0,0,0,0,0,0,0,0,0,0,0,0,0,0,0,0,0,0,0,0,0,0,0,0,0.176470588,0,0,0,0,0,0,0,0,0,0,0,0,0,0,0,0,0,0,0,0,0,0,0,0,0,0,0,0,0,0,0,0,0,0,0,0,0,0,0,0,0,0,0,0,0,0,0,0,0,0,0,0,0,0,0,0,0.058823529,0,0,0,0,0,0,0,0,0,0,0,0,0,0,0,0.176470588,0,0,0,0,0,0,0,0,0,0,0,0,0,0.176470588,0,0,0,17,0,0.117647059,0,0,0,0.058823529,0,0,0.117647059,0,0,0.235294118,0,0.058823529,0.058823529,0,0,0,0.117647059,0.176470588,0,0,0,0,0,0,0,0.058823529,0,0,17,85
7544,0.6,0.6125,0.114754098,0,0,0,0,0,0,0,0,0,0,0,0,0,0,0,0,0,0,0,0,0,0,0.016393443,0,0,0,0,0,0,0,0,0,0,0,0,0,0,0,0,0,0,0,0,0,0,0,0,0,0,0,0,0,0,0,0,0,0,0,0,0.016393443,0,0,0,0,0,0,0,0,0,0,0,0,0,0,0,0,0,0,0,0,0,0,0,0,0,0,0,0,0,0,0,0,0,0,0,0,0,0.049180328,0.032786885,0.032786885,0,0,0,0,0.016393443,0,0,0,0,0,0,0.016393443,0,0,0,0,0.016393443,0,0.049180328,0.032786885,0,0,0,0,0,0.032786885,0,0,0,0,0,0,0,0,0,0,0,0,0,0,0,0,0,0,0,0,0,0,0,0,0,0,0,0,0,0,0,0,0,0,0,0.049180328,0,0,0,0,0,0,0,0.016393443,0,0,0,0,0,0,0,0.06557377,0,0,0,0,0,0,0,0,0,0.032786885,0,0,0,0.06557377,0,0,0,63,0,0.015873016,0,0,0.047619048,0.015873016,0,0,0.031746032,0,0,0.142857143,0.015873016,0.158730159,0.031746032,0,0.047619048,0,0,0.111111111,0,0,0,0.126984127,0.031746032,0,0.063492063,0,0,0.158730159,61,348
7378,0.699166667,0.785,0.074074074,0,0,0.037037037,0,0,0,0,0,0,0,0,0,0,0,0,0,0,0,0.037037037,0,0,0,0,0,0,0,0,0,0,0,0,0.037037037,0,0,0,0,0,0,0,0.074074074,0,0,0,0,0,0,0,0.037037037,0,0,0,0,0,0,0,0,0,0,0,0,0,0,0,0,0,0,0,0,0,0,0,0,0,0,0,0,0,0,0,0,0,0,0,0,0,0,0,0,0,0,0,0,0,0,0,0,0,0,0,0,0,0,0,0,0,0,0,0,0,0,0,0,0,0,0,0,0,0,0,0,0,0,0,0,0,0,0,0,0,0,0,0,0,0,0.037037037,0,0.037037037,0,0,0,0,0,0,0,0,0,0,0,0.037037037,0,0,0,0,0,0,0,0,0,0,0,0,0.037037037,0,0,0,0,0,0,0,0,0,0,0,0,0,0,0,0.074074074,0,0,0,0,0,0,0.037037037,0,0,0,0,0,0,0.037037037,0,0,0,27,0,0.037037037,0,0,0,0,0,0,0.111111111,0,0,0.148148148,0.037037037,0.148148148,0.037037037,0.037037037,0.037037037,0,0.074074074,0.222222222,0,0,0,0,0,0,0.074074074,0.037037037,0,0,27,130
6990,0.7,0.6,0.027027027,0,0,0,0,0,0,0,0,0,0,0,0,0,0,0,0,0,0,0,0,0,0,0,0,0,0,0,0,0,0,0,0,0,0,0,0,0,0,0,0,0,0,0,0,0,0,0,0,0,0,0,0,0,0,0,0,0,0,0,0,0,0,0,0,0,0,0,0,0,0,0,0,0,0,0.027027027,0,0,0,0,0,0,0,0,0,0,0,0,0,0,0,0,0,0,0,0,0,0,0.027027027,0.027027027,0,0,0,0,0,0,0,0,0,0,0,0,0.027027027,0,0,0,0,0,0,0,0.027027027,0,0,0,0,0,0.027027027,0,0,0,0,0,0,0,0,0,0,0,0,0,0,0,0,0,0,0,0,0,0,0,0,0,0,0,0,0,0,0,0,0,0,0,0.027027027,0,0,0,0,0,0,0,0,0,0,0,0,0,0,0,0.081081081,0,0,0,0,0,0,0,0,0,0,0,0,0,0.027027027,0,0,0,37,0.108108108,0.081081081,0,0,0,0.081081081,0,0,0.054054054,0,0,0.108108108,0.054054054,0,0.027027027,0,0.027027027,0,0.054054054,0.081081081,0,0,0,0,0,0,0.162162162,0,0,0.162162162,37,170
6945,0.425,0.525,0.032786885,0,0,0,0,0,0,0,0,0,0,0,0,0,0,0,0,0,0,0,0,0,0,0,0,0,0,0,0,0,0,0,0,0,0,0,0,0,0,0,0,0,0,0,0,0,0,0,0,0,0,0,0,0,0,0,0,0,0,0,0,0,0,0,0.016393443,0,0,0,0,0,0,0,0,0,0,0,0,0.016393443,0,0,0,0,0,0,0,0,0,0,0.016393443,0,0,0,0,0,0,0,0,0,0,0,0,0,0,0,0,0,0,0,0,0,0,0,0,0,0,0,0,0,0,0.016393443,0,0,0,0,0,0,0,0,0,0,0,0,0,0,0,0,0,0,0,0,0,0,0,0,0,0,0,0,0,0,0,0,0,0,0,0,0,0,0,0,0,0,0.032786885,0,0,0,0,0,0,0,0,0,0,0,0,0,0,0,0.049180328,0,0,0,0,0,0,0,0,0,0,0,0,0,0.032786885,0,0,0,63,0.015873016,0.079365079,0,0,0,0.079365079,0,0,0.079365079,0.015873016,0,0.063492063,0.015873016,0.095238095,0.095238095,0,0.015873016,0,0.047619048,0.126984127,0,0.015873016,0.031746032,0,0.031746032,0,0.126984127,0.031746032,0,0.031746032,61,297
6405,0.7,0.6,0.086956522,0,0,0,0,0,0,0,0,0,0,0,0,0,0,0,0,0,0,0,0,0,0,0,0,0,0,0,0,0,0,0,0,0,0,0,0,0,0,0,0,0,0,0,0,0,0,0,0,0,0,0,0,0,0,0,0,0,0,0,0.014492754,0,0,0,0,0,0,0,0,0,0,0,0,0,0,0,0,0,0,0,0,0,0,0,0,0,0,0,0,0,0,0,0,0,0,0,0,0,0.043478261,0.014492754,0.028985507,0,0,0,0,0,0,0,0,0,0,0,0,0,0,0,0,0,0,0.014492754,0.014492754,0,0,0,0,0,0.014492754,0,0,0,0,0,0,0,0,0,0,0,0,0,0,0,0,0,0,0,0,0,0,0,0,0,0,0,0,0,0,0,0,0,0,0,0.057971014,0,0,0,0,0,0,0,0,0,0,0,0,0,0,0,0.028985507,0,0,0,0,0,0,0,0,0,0.028985507,0,0,0,0.028985507,0,0,0,70,0.014285714,0.057142857,0,0,0,0.057142857,0,0,0.014285714,0.014285714,0,0.142857143,0,0.1,0.057142857,0.014285714,0.057142857,0.014285714,0.028571429,0.185714286,0,0,0.014285714,0.042857143,0.014285714,0,0.085714286,0,0,0.085714286,69,334
6345,0.5,0.433333333,0.189189189,0,0,0.027027027,0,0,0,0,0,0,0,0,0,0,0,0,0,0,0,0,0,0,0,0,0,0.027027027,0,0,0,0,0,0,0,0,0,0,0,0,0,0,0.027027027,0,0,0,0,0,0,0,0,0,0,0,0,0,0,0,0,0,0,0,0.054054054,0,0,0,0,0,0,0,0,0,0,0,0,0.027027027,0,0,0,0,0,0,0,0,0,0,0,0,0,0,0,0,0,0,0,0,0,0,0,0,0,0,0,0,0,0,0,0,0,0,0,0,0,0,0,0,0,0,0,0,0,0,0,0,0,0,0,0,0,0,0,0,0,0,0,0,0,0.027027027,0,0,0,0,0,0,0,0,0,0,0,0,0,0.027027027,0,0,0,0,0,0,0,0,0,0,0,0,0.135135135,0,0,0,0.027027027,0,0,0,0,0,0,0,0,0,0,0,0.135135135,0.027027027,0,0,0,0,0,0,0,0,0.027027027,0,0,0,0.135135135,0,0,0,37,0.054054054,0.162162162,0,0,0,0,0,0.027027027,0.135135135,0,0,0.243243243,0.054054054,0,0,0,0.027027027,0,0.135135135,0,0,0.027027027,0,0,0,0,0.027027027,0,0,0.108108108,38,187
6145,0.222916667,0.567361111,0.033333333,0,0,0.016666667,0,0,0,0,0,0.016666667,0,0,0,0,0,0,0,0,0,0,0,0,0,0,0,0,0,0,0.016666667,0,0.016666667,0,0,0,0,0,0,0,0,0,0,0,0,0,0,0,0,0,0,0,0,0,0,0,0,0,0,0,0,0,0,0,0,0,0,0,0,0,0,0,0,0,0,0,0,0,0,0,0,0,0,0,0,0,0,0,0,0,0,0.033333333,0,0,0,0,0,0,0,0,0,0,0,0,0,0,0,0,0,0,0,0,0,0,0,0,0,0,0,0,0,0,0,0,0,0,0,0,0,0,0,0,0,0,0,0,0,0,0,0,0,0,0.016666667,0,0,0,0,0,0,0.016666667,0,0,0,0,0,0,0,0,0,0,0,0,0,0,0.033333333,0,0,0,0,0,0.016666667,0,0,0,0,0.033333333,0,0,0,0,0.033333333,0,0,0,0,0,0,0,0,0,0,0,0,0,0.033333333,0,0,0,63,0.031746032,0.079365079,0,0,0.015873016,0.079365079,0,0,0.063492063,0.031746032,0,0.095238095,0.031746032,0.047619048,0,0,0.047619048,0,0.111111111,0.158730159,0,0,0,0.015873016,0,0,0.079365079,0.015873016,0,0.095238095,60,296
5683,0.7,0.6,0.060606061,0,0,0,0,0,0,0,0,0,0,0,0,0,0,0,0,0,0,0,0,0,0,0,0,0,0,0,0,0,0,0,0,0,0,0,0,0,0,0,0,0,0,0,0,0,0,0,0,0,0,0,0,0,0,0,0,0,0,0,0,0,0,0,0,0,0,0,0,0,0,0,0,0,0,0,0,0,0,0,0,0,0,0,0,0,0,0,0,0,0,0,0,0,0,0,0,0,0.03030303,0,0,0,0,0,0,0,0,0,0,0,0,0,0,0,0,0,0,0,0,0.03030303,0,0,0,0,0,0,0,0,0,0,0,0,0,0,0,0,0,0,0,0,0,0,0,0,0,0,0,0,0,0,0,0,0,0,0,0,0,0,0,0,0,0,0.060606061,0,0,0,0,0,0,0,0,0,0,0,0,0,0,0,0.060606061,0,0,0,0,0,0,0,0,0,0,0,0,0,0.060606061,0,0,0,33,0.03030303,0.121212121,0.03030303,0,0,0.03030303,0,0.03030303,0.060606061,0,0,0.121212121,0.060606061,0.090909091,0,0,0,0,0.060606061,0.181818182,0,0,0,0.03030303,0,0,0,0,0,0.151515152,33,161
5631,-0.5,1,0,0,0,0,0,0,0,0,0,0,0,0,0,0,0,0,0,0,0,0,0,0,0,0,0,0,0,0,0,0,0,0,0,0,0,0,0,0,0,0,0,0,0,0,0,0,0,0,0,0,0,0,0,0,0,0,0,0,0,0,0,0,0,0,0,0,0,0,0,0,0,0,0,0,0,0,0,0,0,0,0,0,0,0,0,0,0,0,0,0,0,0,0,0,0,0,0,0,0,0,0,0,0,0,0,0,0,0,0,0,0,0,0,0,0,0,0,0,0,0,0,0,0,0,0,0,0,0,0,0,0,0,0,0,0,0,0,0,0,0,0,0,0,0,0,0,0,0,0,0,0,0,0,0,0,0,0,0,0,0,0,0,0,0,0,0,0,0,0,0,0,0,0,0,0,0,0,0,0,0,0,0,0,0,0,0,0,0,0,0,0,0,0,0,0,0,5,0,0.2,0,0,0,0.6,0,0,0,0,0,0,0,0,0,0,0,0,0,0.2,0,0,0,0,0,0,0,0,0,0,5,25
5547,0.56,0.5,0.053571429,0,0,0,0,0,0,0,0.017857143,0,0,0,0,0,0,0,0,0,0,0,0,0,0,0,0.017857143,0,0,0,0,0,0,0,0,0,0,0,0,0,0,0,0,0.017857143,0,0,0,0,0,0,0,0,0,0.017857143,0,0,0,0,0,0,0,0,0,0,0,0,0,0,0,0,0,0,0,0,0,0,0,0.017857143,0,0,0,0,0,0,0,0,0.017857143,0,0,0,0,0.017857143,0,0,0,0,0,0,0.017857143,0,0,0,0,0,0,0,0,0.017857143,0,0,0,0,0,0,0,0,0,0,0,0,0,0,0,0,0,0,0,0,0,0,0,0,0,0,0,0,0,0,0,0,0,0,0,0,0,0,0,0,0,0.017857143,0,0,0,0,0,0,0,0,0,0,0,0,0,0,0.035714286,0,0,0,0,0,0.017857143,0,0,0,0,0,0,0,0,0,0.053571429,0,0,0,0,0,0,0,0,0,0,0.017857143,0,0,0.053571429,0,0,0,58,0.034482759,0.034482759,0,0,0,0.068965517,0.017241379,0,0.068965517,0,0,0.137931034,0.017241379,0.068965517,0.017241379,0,0.034482759,0,0.068965517,0.137931034,0,0,0.034482759,0.034482759,0.017241379,0,0.103448276,0,0,0.103448276,56,283
5534,0.85,0.45,0.117647059,0,0,0,0,0,0,0,0,0,0,0,0,0,0,0.058823529,0,0,0,0,0,0,0,0,0,0,0,0,0,0,0,0,0,0,0,0,0,0,0,0,0,0,0,0,0,0,0,0,0,0,0,0,0,0,0,0,0,0,0,0,0,0,0,0,0,0,0,0,0,0,0,0,0,0,0,0,0,0,0,0,0,0,0,0,0,0,0,0,0,0,0,0,0,0,0,0,0,0,0,0,0,0,0,0,0,0,0,0,0,0,0,0,0,0,0,0,0,0,0,0,0,0,0,0,0,0,0,0,0,0,0,0,0,0,0,0,0,0,0,0,0,0,0,0,0,0,0,0,0,0,0,0,0,0,0,0,0,0,0,0,0,0,0.117647059,0,0,0,0,0,0,0,0,0,0,0,0,0,0,0,0.176470588,0,0,0,0,0,0,0,0,0,0.058823529,0,0,0,0.117647059,0,0,0,17,0,0.176470588,0,0,0,0,0,0.058823529,0.058823529,0,0,0.235294118,0,0.117647059,0.058823529,0.058823529,0,0,0,0.058823529,0,0,0,0,0,0.058823529,0,0,0,0.117647059,16,89
5417,0.7,0.866666667,0.083333333,0,0,0,0.083333333,0,0,0,0,0,0.083333333,0,0,0,0,0,0,0,0,0,0,0,0,0,0,0,0,0,0,0,0,0,0,0,0,0,0,0,0,0,0,0,0,0,0,0,0,0,0,0,0,0.083333333,0,0,0,0,0,0,0,0,0,0,0,0.083333333,0,0,0,0,0,0,0,0,0,0,0,0,0,0,0,0,0,0,0,0,0,0,0,0.083333333,0,0,0,0,0,0,0,0,0,0,0,0,0,0,0,0,0,0,0,0,0,0,0,0,0,0,0.083333333,0,0,0,0,0,0,0,0,0,0,0,0,0,0,0,0,0,0,0,0,0,0,0,0,0,0,0,0,0,0,0,0,0,0,0,0,0,0,0,0,0,0,0,0,0,0,0,0.166666667,0,0,0,0,0,0,0,0,0,0,0,0,0,0,0,0.166666667,0,0,0,0,0,0,0,0,0,0,0,0,0,0.166666667,0,0,0,12,0,0.083333333,0.083333333,0,0,0,0,0,0.25,0,0,0.083333333,0,0,0,0,0.083333333,0,0.083333333,0,0,0,0,0,0,0,0.25,0.083333333,0,0,12,59
5111,-0.013888889,0.466666667,0.012345679,0,0,0,0,0,0,0,0,0.012345679,0,0,0,0,0,0,0,0,0,0,0,0,0,0,0,0,0,0,0.012345679,0,0.012345679,0,0,0,0,0,0,0,0,0,0,0,0,0,0,0,0,0,0,0,0,0,0,0,0,0,0,0,0,0,0,0,0,0,0,0,0,0,0,0,0,0,0,0,0,0.012345679,0,0,0,0,0,0,0,0,0.012345679,0,0,0,0,0.012345679,0,0,0,0,0,0,0,0,0,0,0,0,0,0,0,0.012345679,0,0,0,0,0,0,0,0,0,0,0,0,0,0,0,0,0,0,0,0,0,0,0,0,0,0,0,0,0,0,0,0,0,0,0.012345679,0,0,0,0,0,0,0.012345679,0,0,0,0,0,0,0,0,0,0,0,0,0,0,0.012345679,0,0,0,0,0,0.012345679,0,0,0,0,0.024691358,0,0,0,0,0.024691358,0,0,0,0,0,0,0.012345679,0,0,0,0,0,0,0.024691358,0,0,0,83,0,0.072289157,0,0,0,0.048192771,0,0.012048193,0.084337349,0,0,0.084337349,0.084337349,0.036144578,0.024096386,0.024096386,0.060240964,0,0.060240964,0.13253012,0,0,0,0,0.024096386,0,0.084337349,0.012048193,0.012048193,0.144578313,81,374
5039,0.85,0.45,0.066666667,0,0,0,0,0,0,0,0,0,0,0,0,0,0,0.033333333,0,0,0,0,0,0,0,0,0,0,0,0,0,0,0,0,0,0,0,0,0,0,0,0,0,0,0,0,0,0,0,0,0,0,0,0,0,0,0,0,0,0,0,0,0,0,0,0,0,0,0,0,0,0,0,0,0,0,0,0,0,0,0,0,0,0,0,0.033333333,0,0,0,0,0,0,0,0,0,0,0,0,0,0,0.033333333,0.033333333,0.033333333,0,0,0,0,0,0,0,0,0,0,0,0,0,0,0,0,0,0,0.033333333,0.033333333,0,0,0,0,0,0.033333333,0,0,0,0,0,0,0,0,0,0,0,0,0,0,0,0,0,0,0,0,0,0,0,0,0,0,0,0,0,0,0,0,0,0,0,0.033333333,0,0,0,0,0,0,0,0,0,0,0,0,0,0,0,0.133333333,0,0,0,0,0,0,0,0,0,0.033333333,0,0,0,0.033333333,0,0,0,30,0,0.1,0,0,0,0.033333333,0,0,0.033333333,0,0,0.166666667,0,0.033333333,0,0,0,0,0.1,0.266666667,0,0,0,0,0,0.033333333,0.066666667,0.033333333,0,0.133333333,31,146
5006,0.49,0.62,0.125,0,0,0,0,0,0,0,0.025,0,0,0,0,0,0,0,0,0,0,0,0,0,0,0,0,0,0,0,0,0,0.025,0,0,0,0,0,0,0,0,0,0,0,0,0,0,0,0,0,0,0,0,0,0,0,0,0,0,0,0,0,0.075,0,0,0,0,0,0,0,0,0,0,0,0,0,0,0,0,0,0,0,0,0,0,0,0,0,0,0,0,0,0,0,0,0,0,0,0,0,0.025,0.025,0,0,0,0.025,0,0,0,0,0,0,0,0,0,0,0,0,0,0,0,0.025,0.025,0,0,0,0,0,0.025,0,0,0,0,0,0,0.025,0,0,0,0,0.025,0,0.025,0,0,0,0,0,0,0,0,0,0,0,0,0,0,0,0,0,0,0,0,0,0.075,0,0,0,0,0,0,0,0,0,0,0,0,0,0,0,0.075,0,0,0,0,0,0,0,0,0,0.05,0,0,0,0.075,0,0,0,40,0.025,0.125,0,0,0,0.025,0,0,0.175,0,0,0.2,0.025,0.05,0,0,0.05,0,0.05,0.075,0,0.025,0,0.025,0,0,0.025,0.025,0,0.1,40,203
4356,0.7,0.6,0.083333333,0,0,0,0,0,0,0,0,0,0,0,0,0,0,0,0,0,0,0,0,0,0,0,0,0,0,0,0,0,0,0,0,0,0,0,0,0,0,0,0,0,0,0,0,0,0,0,0,0,0,0,0,0,0,0,0,0,0,0,0,0,0,0,0,0,0,0,0,0,0,0,0,0,0,0,0,0,0,0,0,0,0,0,0,0,0,0,0,0,0,0,0,0,0,0,0,0,0,0,0,0,0,0,0,0,0,0,0,0,0,0,0,0,0,0,0,0,0,0,0,0,0,0,0,0,0,0,0,0,0,0,0,0,0,0,0,0,0,0,0,0,0,0,0,0,0,0,0,0,0,0,0,0,0,0,0,0,0,0,0,0,0.083333333,0,0,0,0,0,0,0,0,0,0,0,0,0,0,0,0.083333333,0,0,0,0,0,0,0,0,0,0,0,0,0,0.083333333,0,0,0,12,0.083333333,0.083333333,0,0,0,0,0,0,0.083333333,0,0,0.166666667,0,0,0,0.083333333,0,0,0.166666667,0.083333333,0,0,0,0,0.083333333,0,0.083333333,0,0,0.083333333,12,58
3113,0.466666667,0.611111111,0.075757576,0,0,0.03030303,0,0,0,0,0,0.015151515,0,0,0,0,0,0,0,0,0,0,0,0,0,0.015151515,0,0,0,0,0.015151515,0,0.015151515,0,0,0,0,0,0,0,0,0,0,0,0,0,0,0,0,0,0,0,0,0,0,0,0,0,0,0,0,0,0,0,0,0,0,0.015151515,0,0,0,0,0,0,0,0,0,0,0,0,0,0,0,0,0,0,0,0,0,0,0,0.015151515,0,0,0,0,0,0,0,0,0,0,0,0,0,0,0,0,0,0,0,0,0.015151515,0,0,0,0,0,0,0,0,0,0,0,0,0,0,0,0,0,0,0,0,0,0,0,0,0,0,0,0,0,0.015151515,0,0,0,0,0,0,0.015151515,0,0,0,0,0,0,0,0,0,0,0.015151515,0,0,0,0.060606061,0,0,0,0,0,0.015151515,0,0,0,0,0.015151515,0,0,0,0,0.075757576,0,0,0,0,0,0,0,0,0,0,0,0,0,0.060606061,0,0,0,66,0,0.121212121,0.015151515,0,0,0.015151515,0,0,0.090909091,0,0,0.196969697,0.03030303,0.106060606,0.045454545,0,0.015151515,0,0.03030303,0.075757576,0,0.03030303,0,0.045454545,0,0,0.045454545,0.03030303,0,0.106060606,66,323
2978,0.366193182,0.47907197,0.043478261,0,0,0,0,0,0,0,0.02173913,0,0,0,0,0,0,0,0,0,0,0,0,0,0,0,0.02173913,0,0,0,0,0,0,0,0,0,0,0,0,0,0,0,0,0,0,0,0,0,0,0,0,0,0,0.065217391,0,0,0,0,0,0,0,0,0,0,0,0,0,0,0,0,0,0,0,0,0,0,0.02173913,0.02173913,0,0,0,0,0,0,0,0,0.02173913,0,0,0,0,0.02173913,0,0,0,0,0,0,0.02173913,0,0,0,0,0,0,0,0,0,0,0,0,0,0,0,0,0,0,0,0,0,0,0,0,0,0,0,0,0,0,0,0,0,0,0,0,0,0,0,0,0,0,0,0,0,0,0,0,0,0,0.02173913,0,0,0,0,0,0,0,0,0,0,0,0,0,0,0.043478261,0,0,0,0,0,0.02173913,0,0,0,0,0.02173913,0,0,0,0,0.086956522,0,0,0,0,0,0,0,0,0,0,0.02173913,0,0,0.065217391,0,0,0,46,0,0.173913043,0,0,0,0,0,0,0.173913043,0,0.02173913,0.173913043,0.043478261,0.065217391,0.02173913,0,0.043478261,0,0.086956522,0.02173913,0,0.02173913,0,0,0,0,0.043478261,0.02173913,0,0.086956522,46,239
2819,0.7,0.6,0.047619048,0.047619048,0,0,0,0,0,0,0,0,0,0,0,0,0,0,0,0,0,0,0,0,0,0,0,0,0,0,0,0,0,0,0,0,0,0,0,0,0,0,0,0,0,0,0,0,0,0,0,0,0,0,0,0,0,0,0,0,0,0,0.047619048,0,0,0,0,0,0,0,0,0,0,0,0,0,0,0,0,0,0,0,0,0,0,0.047619048,0,0,0,0,0,0,0,0,0,0,0,0,0,0,0,0,0,0,0,0,0,0,0,0,0,0,0,0,0,0,0,0,0,0.047619048,0,0,0,0,0,0,0,0,0,0,0,0,0,0,0,0.047619048,0,0,0,0,0,0,0,0,0,0,0,0,0,0,0,0,0,0,0,0,0,0,0,0,0,0,0,0,0.047619048,0,0,0,0,0,0,0,0,0,0,0,0,0,0,0,0.047619048,0,0,0,0,0,0,0,0,0,0,0,0,0,0.047619048,0,0,0,22,0.045454545,0.272727273,0,0,0.045454545,0,0,0,0.045454545,0,0,0.227272727,0.045454545,0,0,0,0,0,0.136363636,0.045454545,0,0,0,0,0.045454545,0,0,0,0,0.090909091,21,101
2806,0.110740741,0.552314815,0.016949153,0,0,0.016949153,0,0,0,0,0,0,0,0,0,0,0,0,0,0,0,0,0,0,0,0,0,0,0,0,0,0,0,0,0,0,0,0,0,0,0,0,0.016949153,0,0,0,0,0,0,0.016949153,0,0,0,0,0,0,0,0,0,0,0,0,0.016949153,0,0,0.016949153,0,0,0,0,0,0,0,0,0,0,0,0,0,0,0,0,0,0,0,0,0,0,0,0,0,0,0,0,0,0,0,0,0,0,0,0,0,0,0,0,0,0,0,0,0,0,0,0,0,0,0.016949153,0,0,0,0,0.016949153,0,0,0,0,0,0,0,0,0,0,0,0,0,0,0,0,0,0,0,0.016949153,0,0,0,0,0,0,0,0,0,0,0,0,0,0,0,0,0,0,0,0,0,0,0,0,0,0,0,0,0,0,0,0,0,0,0,0,0,0,0.016949153,0.016949153,0,0,0,0,0,0,0,0,0.016949153,0,0,0,0,0,0,0,63,0,0.015873016,0,0,0,0.174603175,0,0,0.047619048,0,0,0.079365079,0,0.031746032,0.015873016,0,0.047619048,0,0,0.301587302,0,0,0.047619048,0.015873016,0,0,0.111111111,0,0,0.111111111,61,311
2605,0.2,0.722222222,0.107142857,0,0,0,0,0,0,0,0,0.035714286,0,0,0,0,0,0,0,0,0,0,0,0,0,0,0,0,0,0,0.035714286,0,0.035714286,0,0,0,0,0,0,0,0,0,0,0,0,0,0,0,0,0,0,0,0,0,0,0,0,0,0,0,0,0,0,0,0,0,0,0,0,0,0,0,0,0,0,0,0,0,0,0,0,0,0,0,0,0,0,0,0,0,0,0.035714286,0,0,0,0,0,0,0,0,0,0,0,0,0,0,0,0.035714286,0,0,0,0,0,0,0,0,0.035714286,0,0,0,0,0,0,0,0,0,0,0,0,0,0,0,0,0,0,0,0,0,0,0,0,0,0.035714286,0,0,0,0,0,0,0.035714286,0,0,0,0,0,0,0,0,0,0,0,0,0,0,0.035714286,0,0,0,0,0,0.035714286,0,0,0,0,0.035714286,0,0,0,0,0.035714286,0,0,0,0,0,0,0,0,0,0,0,0,0,0.071428571,0,0,0,28,0,0.071428571,0.035714286,0,0,0,0,0,0.107142857,0,0,0.142857143,0,0.107142857,0.035714286,0,0.107142857,0,0.035714286,0.142857143,0,0,0,0.107142857,0,0,0.035714286,0,0,0.071428571,28,132
2111,0.261904762,0.461904762,0.02,0.02,0,0,0,0,0,0,0,0,0,0,0,0,0,0,0,0,0,0,0,0,0,0,0,0,0,0,0,0,0,0,0,0,0,0,0,0,0,0,0,0,0,0,0,0,0,0,0,0,0,0.02,0,0,0,0,0,0,0,0,0,0,0,0,0,0,0,0,0.02,0,0,0,0,0,0,0,0,0,0,0,0,0,0,0.02,0,0,0,0,0,0,0.02,0,0,0,0,0,0,0,0.02,0,0,0,0,0,0,0.04,0,0,0,0,0,0,0,0,0.02,0,0,0.02,0,0,0,0,0,0,0,0,0,0,0,0,0,0,0,0,0.04,0,0,0,0,0,0,0,0,0,0,0,0,0,0,0,0,0,0,0,0,0,0,0,0,0,0,0,0.02,0,0,0,0,0,0,0,0,0,0,0,0,0,0,0,0.02,0,0,0,0,0,0,0,0,0,0,0,0,0,0.04,0,0,0,50,0.04,0.06,0,0,0,0.04,0,0,0.1,0,0,0.24,0.06,0,0.02,0,0.04,0,0.14,0.08,0,0,0,0,0,0,0.02,0.06,0,0.1,50,271
1779,0.605555556,0.622222222,0.1,0,0,0,0,0,0,0,0.025,0,0,0,0,0,0,0,0,0,0,0,0,0,0,0,0.025,0,0,0,0,0,0,0,0,0,0,0,0,0,0,0,0,0,0,0,0,0,0,0,0,0,0,0,0,0,0,0,0,0,0,0,0,0,0,0,0,0,0,0,0,0,0,0,0,0,0,0.025,0,0,0,0,0,0,0,0,0,0,0,0,0,0.025,0,0,0,0,0,0,0.025,0,0,0,0,0,0,0,0,0.025,0,0,0,0,0,0,0,0,0,0,0,0,0,0,0,0,0,0,0,0,0,0,0,0,0,0,0,0,0,0,0,0,0,0,0,0,0,0,0,0,0,0.025,0,0,0,0,0,0,0,0,0,0,0,0,0,0,0.1,0,0,0,0,0,0.025,0,0,0,0,0,0,0,0,0,0.1,0,0,0,0,0,0,0,0,0,0,0.025,0,0,0.1,0,0,0,40,0.05,0.125,0,0,0,0.05,0,0,0.125,0,0,0.125,0.025,0.025,0,0,0.125,0,0.1,0.175,0,0,0,0,0,0,0,0,0,0.075,40,202
1367,0.7,0.6,0.15,0,0,0,0,0,0,0,0,0,0,0,0,0,0,0,0,0,0,0,0,0,0,0,0,0,0,0,0,0,0,0,0,0,0,0,0,0,0,0,0,0,0,0,0,0,0,0,0,0,0,0,0,0,0,0,0,0,0,0,0,0,0,0,0,0,0,0,0,0,0,0,0,0,0,0,0,0,0,0,0,0,0,0,0,0,0.05,0,0,0,0,0,0,0,0,0,0,0,0,0,0,0,0,0,0,0,0,0,0,0,0,0,0,0,0,0,0,0,0,0,0,0,0,0,0,0,0,0,0,0,0,0,0,0,0,0,0,0,0,0,0,0,0,0,0,0,0,0,0,0,0,0,0,0,0,0,0,0,0,0,0,0,0.15,0,0,0,0,0,0,0,0,0,0,0,0,0,0,0,0.15,0,0,0,0,0,0,0,0,0,0,0,0,0,0.15,0,0,0,20,0.05,0.15,0,0,0,0,0,0,0.15,0,0,0.25,0,0.05,0,0,0.05,0,0.1,0,0,0,0,0.05,0,0,0,0,0,0.15,20,93
1301,0.56,0.633333333,0.076923077,0,0,0,0,0,0,0,0,0,0,0,0,0,0,0,0,0,0,0,0,0,0,0,0,0,0,0,0,0,0,0,0,0,0,0,0,0,0,0,0,0,0,0,0,0,0,0,0,0,0,0,0,0,0,0,0,0,0,0,0,0,0,0,0,0,0,0,0,0,0,0,0,0,0,0,0,0,0,0,0,0,0,0,0,0,0.038461538,0,0,0,0,0,0,0,0,0,0,0,0,0,0,0,0,0,0,0,0,0,0,0,0,0,0,0,0,0,0,0,0,0,0,0,0,0,0,0,0,0,0,0,0,0,0,0,0,0,0,0,0,0,0.038461538,0,0,0,0,0,0,0,0,0,0,0,0,0,0,0,0,0,0,0,0,0,0.076923077,0,0,0,0,0,0,0,0,0,0,0,0,0,0,0,0.115384615,0,0,0,0,0,0,0.038461538,0,0,0.038461538,0,0,0,0.076923077,0,0,0,26,0,0.076923077,0,0,0,0,0,0,0.076923077,0,0,0.115384615,0,0.153846154,0,0,0,0,0,0.115384615,0,0,0,0.153846154,0,0,0.192307692,0.038461538,0,0.076923077,26,137
1175,0.588611111,0.686111111,0.022222222,0,0,0,0,0,0,0,0,0,0,0,0,0,0,0.022222222,0,0,0.066666667,0.044444444,0,0,0,0,0,0,0,0,0,0,0,0,0,0,0,0,0,0,0,0,0,0,0,0,0,0,0,0,0,0,0,0.066666667,0,0,0,0,0.022222222,0,0,0,0,0,0,0,0,0,0,0,0,0,0,0,0,0,0,0,0,0,0,0,0,0,0,0,0,0,0,0,0,0,0,0,0,0,0,0,0.088888889,0,0,0,0,0,0,0,0,0,0,0,0,0,0,0,0,0,0.022222222,0,0,0,0,0,0,0,0,0,0,0,0,0,0,0,0,0,0,0,0.066666667,0,0,0,0,0,0,0,0.066666667,0,0,0,0,0,0,0,0,0,0,0,0,0,0,0,0,0,0,0,0.022222222,0,0,0,0,0,0,0.044444444,0,0,0,0,0,0,0,0,0.133333333,0,0,0,0,0.044444444,0,0,0,0,0,0,0,0,0.088888889,0,0.044444444,0,51,0,0.058823529,0,0,0,0.039215686,0,0,0.156862745,0,0,0.176470588,0.039215686,0,0,0,0.019607843,0,0.117647059,0.196078431,0,0,0,0,0,0.019607843,0.098039216,0.058823529,0,0.019607843,45,229
1134,0.306601732,0.419264069,0.037974684,0,0,0,0.012658228,0,0,0,0,0,0,0,0,0,0,0.012658228,0,0,0,0.012658228,0,0,0,0,0,0,0,0,0,0,0,0,0,0,0,0,0,0,0,0,0,0,0,0,0,0,0,0.012658228,0,0,0,0.012658228,0,0,0,0,0,0,0,0,0.025316456,0,0,0,0,0,0,0,0,0,0,0,0,0,0,0,0,0,0,0.012658228,0,0,0,0,0,0.012658228,0,0,0,0,0,0,0,0,0,0,0,0,0.012658228,0,0,0,0.012658228,0,0,0.050632911,0,0,0,0,0,0,0,0,0.012658228,0,0,0,0,0,0,0,0,0,0,0,0,0,0,0,0,0,0,0.025316456,0.012658228,0,0,0,0,0,0,0.012658228,0,0,0,0,0,0,0,0,0,0,0,0,0,0.037974684,0,0,0.012658228,0.012658228,0,0,0,0,0,0,0,0,0,0,0,0.012658228,0,0,0,0,0,0,0.012658228,0,0,0,0,0,0,0.012658228,0,0,0,0,0,0,0,0,0,0,83,0,0.048192771,0.012048193,0,0.012048193,0.060240964,0,0,0.13253012,0,0,0.108433735,0.048192771,0.024096386,0.024096386,0,0.084337349,0,0.060240964,0.13253012,0,0,0,0,0.012048193,0,0.024096386,0.060240964,0,0.156626506,79,390
1107,0.7,0.6,0.105263158,0,0,0,0,0,0,0,0,0,0,0,0,0,0,0,0,0,0,0,0,0,0,0,0,0,0,0,0,0,0,0,0,0,0,0,0,0,0,0,0,0,0,0,0,0,0,0,0,0,0,0,0,0,0,0,0,0,0,0,0.052631579,0,0,0,0,0,0,0,0,0,0,0,0,0,0,0,0,0,0,0,0,0,0,0,0,0,0,0,0,0,0,0,0,0,0,0,0,0,0,0,0,0,0,0,0,0,0,0,0,0,0,0,0,0,0,0,0,0,0,0,0,0,0,0,0,0,0,0,0,0,0,0,0,0,0,0,0,0,0,0,0,0,0,0,0,0,0,0,0,0,0,0,0,0,0,0,0,0,0,0,0,0,0.052631579,0,0,0,0,0,0,0,0,0,0,0,0,0,0,0,0.052631579,0,0,0,0,0,0,0,0,0,0.052631579,0,0,0,0.052631579,0,0,0,19,0,0.105263158,0,0,0.052631579,0.052631579,0,0,0.105263158,0,0,0.052631579,0,0.052631579,0,0.052631579,0.052631579,0,0.052631579,0.315789474,0,0,0,0,0,0,0.052631579,0,0,0.052631579,19,80
122,0.05,0.725,0.016949153,0,0,0,0,0,0,0,0,0,0,0,0,0,0,0,0,0,0,0,0,0,0,0,0,0,0,0,0,0,0,0,0,0,0,0,0,0,0,0,0,0,0,0,0,0,0,0,0,0,0,0,0,0,0,0,0,0,0,0,0,0.016949153,0,0,0,0,0,0,0,0,0,0,0,0,0,0,0,0,0,0,0,0,0,0,0,0,0,0,0,0,0,0,0,0,0,0,0,0,0,0,0,0,0,0,0,0.050847458,0,0,0,0,0,0,0,0,0,0,0,0,0,0.033898305,0,0,0,0,0,0,0,0,0,0,0,0,0,0,0,0,0,0,0,0,0,0,0,0,0,0,0,0,0,0,0,0,0,0,0,0,0,0,0,0,0,0,0.033898305,0,0,0,0,0,0,0,0,0,0,0.050847458,0,0,0,0,0.016949153,0,0,0.016949153,0,0,0,0,0,0,0,0,0,0,0.016949153,0,0,0,60,0.016666667,0.083333333,0,0.016666667,0,0.016666667,0,0,0.05,0,0,0.15,0.033333333,0.116666667,0,0,0.05,0,0.083333333,0.116666667,0,0.033333333,0,0.066666667,0,0,0.033333333,0.033333333,0,0.1,60,303
